id,full_name,address,email,phone_number,product_brand;
1,Robb Hegarty,11377 Delladonna Alley,rhegarty0@soundcloud.com,421-161-8021,88-708-3657;
2,Stefano Vannini,03 Raven Terrace,svannini1@ycombinator.com,813-681-9619,29-485-7137;
3,Larine Meynell,79 Larry Crossing,lmeynell2@ezinearticles.com,602-591-5970,39-163-1151;
4,Maurizio Witcherley,33 Stang Circle,mwitcherley3@tuttocitta.it,597-926-5423,22-501-0288;
5,Bondie Sygrove,8996 Weeping Birch Plaza,bsygrove4@technorati.com,782-766-5109,64-520-6914;
6,Ado Reedick,6949 Cottonwood Circle,areedick5@jugem.jp,846-321-1738,32-740-0336;
7,Arlyn Truett,54 Sachtjen Road,atruett6@pagesperso-orange.fr,106-982-3701,24-952-8394;
8,Omar Chiese,565 North Plaza,ochiese7@auda.org.au,346-348-5631,42-654-5235;
9,Daniela Ambresin,93634 Lerdahl Point,dambresin8@earthlink.net,760-165-5101,57-684-0189;
10,Gearalt Carlino,6833 Kennedy Center,gcarlino9@omniture.com,334-841-5689,80-339-9359;
11,Alexio Kenney,48420 Columbus Lane,akenneya@blogtalkradio.com,463-600-9530,70-357-4296;
12,Nanny Hastler,18198 Merry Alley,nhastlerb@trellian.com,628-584-0792,29-385-7476;
13,Malinde Penketh,46898 Golf View Drive,mpenkethc@seesaa.net,404-643-5610,03-911-2805;
14,Levey Hansemann,9 Warrior Park,lhansemannd@auda.org.au,580-560-0588,28-881-4827;
15,Eduard Gerardin,47 American Center,egerardine@redcross.org,947-238-0951,72-053-9888;
16,Delphine Halgarth,04553 Daystar Center,dhalgarthf@toplist.cz,860-579-4490,40-616-2198;
17,Venus Sagar,82018 Thackeray Parkway,vsagarg@springer.com,819-795-9991,88-031-5646;
18,Nickolaus Werrilow,97 Summer Ridge Court,nwerrilowh@nifty.com,535-781-9990,01-766-7118;
19,Neddy Pulham,2966 Lyons Place,npulhami@admin.ch,936-159-0389,69-779-8594;
20,Dru Bernardotte,77 Muir Park,dbernardottej@devhub.com,833-568-5809,29-253-5917;
21,Currie Betjeman,5686 Clarendon Pass,cbetjemank@google.cn,376-717-0704,92-366-6033;
22,Leeanne Cordier,99 Daystar Crossing,lcordierl@wikia.com,449-464-9858,49-113-3220;
23,Nedda Belli,1 Warner Court,nbellim@who.int,490-349-3190,02-641-3488;
24,Lonni Sneyd,712 Division Trail,lsneydn@dropbox.com,493-987-0103,16-247-5301;
25,Aline Vala,3736 Cardinal Drive,avalao@1688.com,166-738-1256,14-977-8332;
26,Leroi Croshaw,53 Welch Hill,lcroshawp@skype.com,142-241-6350,70-748-6407;
27,Quint Avon,15017 Gulseth Point,qavonq@cyberchimps.com,468-885-7802,38-996-9514;
28,Caprice Huggens,8716 Summer Ridge Center,chuggensr@sun.com,223-457-3224,82-096-9170;
29,Ermengarde Paaso,873 Cambridge Pass,epaasos@studiopress.com,504-266-1071,97-830-2379;
30,Bent Allone,0 Hansons Terrace,ballonet@sohu.com,927-968-9179,64-732-6354;
31,Chance Gershom,8768 Becker Circle,cgershomu@walmart.com,564-685-5659,29-093-3932;
32,Gibbie Harnett,37 Starling Center,gharnettv@php.net,411-353-0701,35-287-2589;
33,Pippy McNab,8 Park Meadow Hill,pmcnabw@google.de,767-110-5455,08-202-0547;
34,Darryl Gillions,273 Twin Pines Junction,dgillionsx@nature.com,332-657-4539,76-893-0888;
35,Dalia Van Arsdale,017 Dovetail Point,dvany@narod.ru,793-843-2164,02-836-2294;
36,Konstance Jarrel,44223 Bowman Terrace,kjarrelz@flavors.me,640-724-1580,46-130-7552;
37,Dasie Selcraig,1 Dunning Point,dselcraig10@china.com.cn,531-980-9227,67-916-3337;
38,Etheline Cohane,643 Walton Court,ecohane11@networkadvertising.org,313-109-9476,43-954-7391;
39,Chen Shailer,4 Heffernan Street,cshailer12@nydailynews.com,499-249-2692,44-892-3157;
40,Mile Rowlinson,31 Redwing Way,mrowlinson13@ow.ly,624-691-0444,81-080-3713;
41,Steve Vale,64 Comanche Park,svale14@theguardian.com,305-308-5880,31-136-2753;
42,Adamo Carss,2 Hooker Way,acarss15@behance.net,859-526-3530,63-307-9565;
43,Willem Marchenko,8473 Texas Circle,wmarchenko16@cocolog-nifty.com,330-473-9876,02-163-6422;
44,Louisa Bartosch,8367 Drewry Lane,lbartosch17@yellowpages.com,867-981-9716,98-578-4730;
45,Eli Manoch,642 Debs Street,emanoch18@gov.uk,810-690-2266,44-812-7614;
46,Upton Benger,7544 Melby Crossing,ubenger19@nyu.edu,956-471-9549,29-617-4429;
47,Starr Terris,31 Loeprich Park,sterris1a@prnewswire.com,324-925-7091,50-314-1558;
48,Rollo Yurocjkin,57 Hagan Junction,ryurocjkin1b@answers.com,190-904-5615,23-704-6263;
49,Rowen Hedges,72150 Macpherson Road,rhedges1c@adobe.com,369-924-4267,46-881-7748;
50,Siusan McIlhagga,603 Waywood Alley,smcilhagga1d@cornell.edu,147-199-4001,62-185-7130;
51,Bevvy Rome,758 Kingsford Plaza,brome1e@goo.ne.jp,632-527-1818,42-369-9455;
52,Katrinka Bierling,0448 Norway Maple Center,kbierling1f@berkeley.edu,796-135-2932,17-755-0338;
53,Heloise Oddey,3640 Lakewood Hill,hoddey1g@free.fr,482-821-6983,46-797-6446;
54,Otes Peak,792 Maywood Way,opeak1h@forbes.com,897-585-0857,28-374-6155;
55,Tobiah Cheves,5 Menomonie Court,tcheves1i@dagondesign.com,515-941-7959,64-973-2813;
56,Zahara McIlharga,24 Farmco Park,zmcilharga1j@livejournal.com,732-780-6021,87-697-0480;
57,Boony Seabright,48 Village Park,bseabright1k@howstuffworks.com,180-198-5025,22-941-6756;
58,Jonas Cobbledick,09696 Debra Junction,jcobbledick1l@homestead.com,313-955-5815,80-098-2373;
59,Kellie Mawby,70 Village Green Lane,kmawby1m@smugmug.com,180-454-3110,07-114-5983;
60,Meryl Heisman,61 Westend Avenue,mheisman1n@storify.com,231-473-4130,73-006-4033;
61,Gaston Warbeys,91555 Dennis Alley,gwarbeys1o@t-online.de,726-494-9323,72-118-1336;
62,Gisela Farmery,4046 Rieder Pass,gfarmery1p@gmpg.org,635-877-1187,19-522-0741;
63,Duff Demann,4 Mcbride Street,ddemann1q@comsenz.com,188-986-8726,48-938-5972;
64,Sharron Wimpress,85 Banding Place,swimpress1r@dmoz.org,520-411-6191,30-751-4888;
65,Teddie Seer,2 Sachtjen Plaza,tseer1s@smh.com.au,655-270-5150,57-859-1829;
66,Hadley Skews,10 Springs Trail,hskews1t@purevolume.com,343-571-0168,59-352-3554;
67,Fayth Stronach,3996 Weeping Birch Street,fstronach1u@yolasite.com,919-700-2499,04-767-8487;
68,Tarra McQuaide,53 North Lane,tmcquaide1v@nasa.gov,512-895-8807,54-092-8228;
69,Neilla Dobrovolny,57 Trailsway Lane,ndobrovolny1w@prlog.org,365-249-1063,62-849-5735;
70,Marya Dumingos,1408 3rd Plaza,mdumingos1x@sbwire.com,689-889-7957,05-059-7826;
71,Nyssa Palin,4 Kropf Park,npalin1y@ibm.com,329-673-3546,49-055-4499;
72,Agnola Defond,489 Dennis Terrace,adefond1z@yahoo.co.jp,387-600-7820,93-378-3425;
73,Jeffrey Speake,92146 Blue Bill Park Place,jspeake20@webnode.com,214-965-6885,83-506-1514;
74,Basil Gillbey,438 Mccormick Place,bgillbey21@vistaprint.com,766-370-9959,64-211-0957;
75,Orbadiah Gainsford,32 Farwell Center,ogainsford22@is.gd,682-843-8363,15-735-2123;
76,Robb Hegarty,8 Dottie Junction,kbrownsword23@freewebs.com,105-828-3934,43-616-6644;
77,Terry Wandrack,69 Canary Road,twandrack24@unicef.org,792-668-3637,43-815-3235;
78,Harold Gehrts,11 Shelley Parkway,hgehrts25@ezinearticles.com,558-356-1875,56-198-5506;
79,Yasmeen Bufton,4950 Drewry Plaza,ybufton26@smugmug.com,987-120-0770,12-388-0143;
80,Delcina Cready,7 Tennessee Terrace,dcready27@smh.com.au,995-276-1503,38-514-9314;
81,Ingmar Harding,86 Arrowood Park,iharding28@twitter.com,575-671-0942,73-546-2426;
82,Ricardo Rappport,9746 Hansons Terrace,rrappport29@liveinternet.ru,726-347-4204,46-377-2955;
83,Bennett Haller,567 Hintze Trail,bhaller2a@washingtonpost.com,725-953-0693,77-845-9429;
84,Hulda Gilford,51 Pennsylvania Way,hgilford2b@boston.com,945-786-3060,05-157-4971;
85,Kayle Binny,80 Warrior Drive,kbinny2c@livejournal.com,395-219-1900,18-093-7245;
86,Bailie Gilluley,23 Westerfield Street,bgilluley2d@taobao.com,317-991-1571,34-326-2901;
87,Cindy Gazey,4986 La Follette Hill,cgazey2e@senate.gov,207-332-7086,27-496-9242;
88,Ashely Mix,8733 Rockefeller Way,amix2f@gov.uk,142-586-3251,45-487-0244;
89,Torrance Tynewell,46 Old Shore Avenue,ttynewell2g@epa.gov,427-523-9740,76-481-5682;
90,West Bittleson,7673 Claremont Parkway,wbittleson2h@usa.gov,315-106-4714,09-038-1563;
91,Nels Manjot,4874 Arrowood Court,nmanjot2i@nationalgeographic.com,676-146-8235,00-292-1996;
92,Leoline Wilde,37955 Dayton Plaza,lwilde2j@pbs.org,464-879-6533,70-764-8179;
93,Robb Hegarty,5 Farragut Park,aabden2k@ebay.co.uk,718-631-6842,39-116-4586;
94,Jack Sweating,48491 Forest Run Junction,jsweating2l@163.com,558-780-3737,87-723-5482;
95,Carley Molines,8826 Twin Pines Parkway,cmolines2m@phpbb.com,752-880-9529,60-348-9906;
96,Wilona Sanham,5 Browning Park,wsanham2n@arstechnica.com,770-242-3053,65-366-3834;
97,Dame McDermott,5 Jay Hill,dmcdermott2o@auda.org.au,145-309-6154,40-280-7901;
98,Ardenia Morffew,13304 Hoepker Lane,amorffew2p@dmoz.org,956-753-3007,75-137-4723;
99,Roscoe O'Neal,42347 Amoth Point,roneal2q@sohu.com,696-403-5937,13-357-8219;
100,Tobye Ilsley,6665 Tennessee Circle,tilsley2r@fotki.com,240-453-5412,95-864-2326;
101,Tripp Capener,1468 Crescent Oaks Plaza,tcapener2s@csmonitor.com,456-147-0106,43-078-4794;
102,Rusty Darke,580 Grim Avenue,rdarke2t@qq.com,948-602-6098,11-578-4414;
103,Kinny Luckhurst,7 Talisman Plaza,kluckhurst2u@yellowbook.com,424-920-0931,49-974-7618;
104,Whitman Cogle,219 Kipling Point,wcogle2v@wired.com,258-737-9297,54-056-2633;
105,Shantee Dearness,8493 Service Circle,sdearness2w@alibaba.com,858-508-8571,16-761-2710;
106,Rorie Redgrave,3968 Glendale Alley,rredgrave2x@mac.com,781-976-4606,76-775-3247;
107,Barr Tuft,4064 Mayer Street,btuft2y@hugedomains.com,540-434-8488,07-113-6681;
108,Guenna Meikle,868 Iowa Pass,gmeikle2z@networksolutions.com,226-774-2646,43-220-5812;
109,Elva Clee,94491 Stoughton Drive,eclee30@independent.co.uk,178-223-6697,63-464-8748;
110,Bambi Laurencot,2 Vernon Plaza,blaurencot31@sina.com.cn,186-963-8382,81-237-5936;
111,Tiffani Brisson,6 Stephen Circle,tbrisson32@opensource.org,861-747-0649,85-524-1429;
112,Robb Hegarty,11377 Delladonna Alley,rhegarty0@soundcloud.com,421-161-8021,88-708-3657;
113,Salvidor Vinau,98 Meadow Valley Junction,svinau34@yolasite.com,867-544-2101,70-310-2888;
114,Anselm Muttitt,08 Tomscot Alley,amuttitt35@mozilla.com,324-209-4801,34-771-8865;
115,Ulberto Steynor,47 Glendale Place,usteynor36@zdnet.com,404-449-6026,54-445-6394;
116,Manuel Berks,9465 Ruskin Point,mberks37@jimdo.com,139-835-3571,19-994-1009;
117,Georg Greeveson,1688 Crownhardt Avenue,ggreeveson38@last.fm,727-408-6462,94-904-7376;
118,Traci Karpf,32 Morningstar Avenue,tkarpf39@scribd.com,276-413-0668,90-845-5392;
119,Roberto Ambrogini,41715 Florence Trail,rambrogini3a@ehow.com,957-844-5037,67-731-1420;
120,Dominick Bonicelli,87119 Darwin Hill,dbonicelli3b@blog.com,187-828-5434,79-608-9432;
121,Nikki Shambroke,09249 Mccormick Center,nshambroke3c@craigslist.org,765-487-6519,16-282-0363;
122,Cortney Calbreath,92 Lake View Way,ccalbreath3d@upenn.edu,888-255-4256,52-022-1568;
123,Christiano Beakes,1 Burning Wood Junction,cbeakes3e@twitpic.com,852-947-1668,37-416-0090;
124,Pollyanna Daintith,83 Manley Terrace,pdaintith3f@123-reg.co.uk,911-760-8591,24-764-5526;
125,Chloette Puttick,70 Columbus Parkway,cputtick3g@github.io,422-833-5936,87-557-7211;
126,Jone Gonning,09 Havey Park,jgonning3h@clickbank.net,942-911-2520,82-568-0911;
127,Sharity Freezer,5996 Summer Ridge Park,sfreezer3i@a8.net,499-816-2929,87-507-2434;
128,Curt Manvelle,9 Lakeland Center,cmanvelle3j@weebly.com,714-985-7024,01-798-1140;
129,Ed Firman,6 Calypso Terrace,efirman3k@dell.com,235-718-0397,18-576-7984;
130,Cori Bessett,1 Dahle Place,cbessett3l@unesco.org,734-420-1087,42-986-1082;
131,Amata Easterby,5596 Coolidge Road,aeasterby3m@ning.com,275-905-0065,15-315-3041;
132,Lucine Prisley,89005 Holmberg Avenue,lprisley3n@qq.com,318-752-2627,19-897-8748;
133,Pall Matitiaho,0220 Artisan Way,pmatitiaho3o@abc.net.au,702-958-7597,38-909-4168;
134,Robb Hegarty,11377 Delladonna Alley,rhegarty0@soundcloud.com,421-161-8021,51-589-3940;
135,Dru Mc Gaughey,30161 Commercial Parkway,dmc3q@weibo.com,631-375-1363,15-830-2432;
136,Callie Bunstone,012 Loftsgordon Pass,cbunstone3r@goo.ne.jp,799-641-5309,62-944-0975;
137,Nealson Reinbeck,81 Dawn Court,nreinbeck3s@barnesandnoble.com,188-153-9409,78-992-0287;
138,Leona Mogie,838 Autumn Leaf Avenue,lmogie3t@gov.uk,961-748-3972,72-979-9118;
139,Ketty Buckingham,2645 Brentwood Road,kbuckingham3u@technorati.com,882-470-5213,37-322-1434;
140,Stefan O'Fihillie,869 Graedel Trail,sofihillie3v@cbsnews.com,420-162-6766,17-514-8834;
141,Albina Ceyssen,40 Judy Junction,aceyssen3w@adobe.com,676-345-5670,74-989-2296;
142,Judon Loody,244 Warbler Point,jloody3x@domainmarket.com,683-790-1408,92-298-1749;
143,Blondelle Nortcliffe,9 Carey Circle,bnortcliffe3y@privacy.gov.au,132-508-2987,23-329-2797;
144,Umberto Horrod,55 Ryan Circle,uhorrod3z@qq.com,840-618-9754,88-370-7307;
145,Delila Zorn,31516 Pawling Alley,dzorn40@tmall.com,267-470-7515,89-189-6433;
146,Dominique Elgy,12562 5th Place,delgy41@adobe.com,600-954-6739,05-919-1599;
147,Boigie Folshom,2 Summerview Alley,bfolshom42@nsw.gov.au,530-839-6691,16-362-8168;
148,Barret Angrick,96 Loomis Alley,bangrick43@npr.org,414-841-9187,14-388-6229;
149,Karel Danielski,609 Garrison Pass,kdanielski44@ucoz.com,416-434-7927,18-972-2898;
150,Horatia Nucciotti,6193 Upham Parkway,hnucciotti45@studiopress.com,639-260-8882,46-585-1954;
151,Susanne Povall,1 Wayridge Way,spovall46@reuters.com,607-615-8974,99-506-5229;
152,Hank Pouton,23 Sunfield Trail,hpouton47@homestead.com,622-569-4455,54-166-0744;
153,Lesya Link,9 Meadow Ridge Road,llink48@list-manage.com,464-549-3021,97-898-3349;
154,Esmaria Spyby,74 Jenifer Street,espyby49@list-manage.com,718-459-1521,49-848-5428;
155,Harmonia Georgot,17547 Maywood Court,hgeorgot4a@princeton.edu,194-875-1534,36-059-2999;
156,Charyl Jermy,300 Heffernan Drive,cjermy4b@gizmodo.com,108-783-3558,64-900-9861;
157,Sandy McReath,0295 Reindahl Center,smcreath4c@state.tx.us,269-697-7724,00-562-7087;
158,Lewiss Mattessen,7793 Oxford Court,lmattessen4d@squarespace.com,542-205-5843,05-739-7268;
159,Winnah Chastang,75835 Bunker Hill Alley,wchastang4e@netvibes.com,224-984-8043,11-069-4546;
160,Corri Breewood,650 Express Plaza,cbreewood4f@ihg.com,181-241-1293,29-649-4866;
161,Maurie Kerrey,093 David Avenue,mkerrey4g@newyorker.com,662-243-4608,38-008-2233;
162,Margi Tabard,86248 Oak Valley Plaza,mtabard4h@ibm.com,918-672-1287,53-738-1865;
163,Winona Farrah,56776 Thompson Road,wfarrah4i@ca.gov,212-568-4881,04-975-9010;
164,Melina Meneo,61637 Mockingbird Hill,mmeneo4j@umich.edu,842-535-0292,96-611-3067;
165,Bernard Barnardo,88398 Clarendon Crossing,bbarnardo4k@surveymonkey.com,140-388-2135,06-590-3703;
166,Ardath Moyce,9891 Prairieview Place,amoyce4l@bizjournals.com,682-592-8295,88-886-8210;
167,Fletcher Order,45439 Milwaukee Drive,forder4m@usatoday.com,867-678-7748,61-899-1541;
168,Verene Geeves,103 Colorado Point,vgeeves4n@tamu.edu,923-321-8769,77-112-2130;
169,Irina Garforth,49 Maryland Hill,igarforth4o@posterous.com,669-707-4491,74-511-6141;
170,Frederigo Dignon,2 Moose Parkway,fdignon4p@ovh.net,218-183-8312,54-330-8717;
171,Ola Martinet,536 Meadow Vale Avenue,omartinet4q@adobe.com,827-515-6393,31-952-7088;
172,Garrot Pilmoor,066 Karstens Hill,gpilmoor4r@businesswire.com,679-728-8454,96-695-4501;
173,Kylie O' Liddy,69020 Shelley Point,ko4s@hud.gov,687-236-7345,33-097-6628;
174,Emmet Polson,4 South Lane,epolson4t@amazon.de,351-194-7233,25-927-2450;
175,Alia Szymanek,2737 Sugar Street,aszymanek4u@scribd.com,856-828-4205,24-895-6684;
176,Edouard Canada,73 Lawn Street,ecanada4v@nyu.edu,746-253-3687,75-743-7722;
177,Kippar Uzzell,47805 Heffernan Crossing,kuzzell4w@slashdot.org,873-373-3730,27-578-7069;
178,Violette Ollin,657 Lighthouse Bay Point,vollin4x@w3.org,378-721-1138,36-796-1471;
179,Amie Wainman,340 Eagan Plaza,awainman4y@toplist.cz,898-752-5366,04-521-6790;
180,Gordan Trayton,2 Everett Hill,gtrayton4z@tuttocitta.it,423-515-2654,84-576-7482;
181,Gianni Scotchmoor,4 Golf Circle,gscotchmoor50@washingtonpost.com,498-480-2632,66-026-6201;
182,Celka Oldcote,9 Express Street,coldcote51@hc360.com,823-265-7575,15-395-9999;
183,Clive Toppes,38 Pleasure Alley,ctoppes52@arstechnica.com,279-666-6861,83-091-3180;
184,Merwyn Andrieu,70792 Dennis Street,mandrieu53@furl.net,784-466-0099,89-611-2896;
185,Livvy Risen,28 Mallard Plaza,lrisen54@gov.uk,284-647-5673,22-974-0048;
186,Oralie Arundel,53 Melby Park,oarundel55@live.com,824-899-0844,74-346-6774;
187,Kiley Bend,42402 Corscot Alley,kbend56@phoca.cz,587-726-2010,00-733-6174;
188,Arabela Corre,966 2nd Parkway,acorre57@amazon.co.uk,425-151-2506,49-286-8115;
189,Dianne McCathy,06353 Evergreen Place,dmccathy58@cafepress.com,845-347-2777,91-257-6817;
190,Fair Farthin,29 Larry Street,ffarthin59@alexa.com,776-584-2374,53-034-7004;
191,Inga Mortlock,289 Park Meadow Plaza,imortlock5a@sina.com.cn,721-945-1344,15-098-7160;
192,Marven Ugoletti,5 Westend Way,mugoletti5b@merriam-webster.com,209-456-9752,89-145-6242;
193,Alexine Starr,8622 Pond Junction,astarr5c@cpanel.net,847-163-3104,30-461-1220;
194,Michaeline Mayward,79 Schurz Park,mmayward5d@meetup.com,866-960-1912,24-281-7375;
195,Leandra McKendry,36060 Shasta Plaza,lmckendry5e@accuweather.com,324-371-2615,01-745-1371;
196,Mareah Pargetter,33 Vahlen Drive,mpargetter5f@jalbum.net,729-808-6567,27-196-0014;
197,Roda Genner,98 Blackbird Road,rgenner5g@multiply.com,156-567-2462,30-900-4594;
198,Shae Laxtonne,6600 Prairie Rose Plaza,slaxtonne5h@livejournal.com,203-479-7291,71-509-6148;
199,Brand Haxell,87513 Chive Place,bhaxell5i@boston.com,499-805-7414,58-986-7219;
200,Georg Clyde,720 Toban Avenue,gclyde5j@jalbum.net,987-670-0609,70-075-1593;
201,Pier Wakely,276 Arapahoe Trail,pwakely5k@purevolume.com,199-403-4426,48-954-6889;
202,Vick Cumpsty,4341 Troy Lane,vcumpsty5l@github.com,102-909-4373,28-960-4922;
203,Teddy Anthonsen,25310 Michigan Way,tanthonsen5m@hp.com,157-592-2923,53-540-9157;
204,Valry Pays,98912 Golf Lane,vpays5n@dedecms.com,466-114-0083,66-285-5963;
205,Phillida Kingsworth,0 Clarendon Circle,pkingsworth5o@hexun.com,192-642-3123,50-917-9964;
206,Othilia Hutsby,23 Loomis Crossing,ohutsby5p@dot.gov,640-459-6632,21-195-7738;
207,Ilise Sterman,54828 Forest Run Parkway,isterman5q@t-online.de,501-794-0323,20-512-4490;
208,Desdemona Dunphie,5 Green Drive,ddunphie5r@cbc.ca,711-936-2553,04-065-9380;
209,Martita McLauchlin,38337 Algoma Park,mmclauchlin5s@tiny.cc,439-794-0867,37-052-6663;
210,Alyce Culter,80999 Oriole Park,aculter5t@usatoday.com,264-578-1104,23-050-8192;
211,Nollie Bamlett,66 Bayside Avenue,nbamlett5u@fastcompany.com,812-617-8930,57-866-9333;
212,Chaunce Izod,34 Ohio Plaza,cizod5v@printfriendly.com,884-830-0730,47-891-8359;
213,Sylas Burdell,461 Boyd Pass,sburdell5w@netlog.com,379-312-7410,21-561-7680;
214,Alain Mobley,73 La Follette Point,amobley5x@youku.com,427-837-2287,35-304-6000;
215,Woodman Bartalucci,884 David Drive,wbartalucci5y@hostgator.com,347-745-6862,70-599-5282;
216,Darcy Niemetz,5 Victoria Point,dniemetz5z@techcrunch.com,206-417-0199,85-326-6018;
217,Kinsley Ledbury,7173 Susan Alley,kledbury60@facebook.com,986-600-5601,57-355-9214;
218,Rozina Barbera,687 Thackeray Road,rbarbera61@tamu.edu,138-966-4261,19-401-9427;
219,Dore Dudeney,50 Cody Court,ddudeney62@ca.gov,152-727-9415,62-103-7305;
220,Leesa Munkley,33811 Golf Road,lmunkley63@woothemes.com,232-377-3295,04-030-8785;
221,Katusha Kendrew,69 Londonderry Place,kkendrew64@microsoft.com,373-377-6419,41-901-0064;
222,Anny Ogles,24 Sutherland Avenue,aogles65@cpanel.net,587-928-7805,55-807-7994;
223,Culver Feathers,85638 Dawn Crossing,cfeathers66@fotki.com,894-263-0554,98-816-7780;
224,Codi Stirtle,364 Browning Point,cstirtle67@mayoclinic.com,857-695-5395,62-714-0251;
225,Mariel Ida,532 Reinke Street,mida68@harvard.edu,247-855-8153,19-538-5052;
226,Raleigh Doughty,69 Birchwood Lane,rdoughty69@live.com,475-303-0889,96-249-1381;
227,Kimbell Fairhead,447 Independence Pass,kfairhead6a@behance.net,898-788-2913,38-636-4818;
228,Marshall Santry,150 Esch Pass,msantry6b@hostgator.com,342-856-1230,52-797-8832;
229,Diarmid Pedrol,9 Bayside Lane,dpedrol6c@uiuc.edu,853-980-7798,13-541-6042;
230,Martica Gibbard,32 1st Hill,mgibbard6d@japanpost.jp,505-537-0045,88-922-9810;
231,Robb Hegarty,11377 Delladonna Alley,rhegarty0@soundcloud.com,421-161-8021,18-511-3003;
232,Eunice Baglan,2 Farmco Junction,ebaglan6f@yellowpages.com,859-256-4156,90-421-2318;
233,Korrie Chitter,57 Fairfield Terrace,kchitter6g@army.mil,803-168-9438,51-211-2089;
234,Tracy Carlile,3 Chinook Trail,tcarlile6h@sciencedaily.com,804-473-9421,38-540-0258;
235,Aeriell Bronot,6654 Burrows Parkway,abronot6i@ycombinator.com,571-735-7853,05-090-9649;
236,Helen O' Dooley,0 Utah Crossing,ho6j@sciencedirect.com,258-906-3273,17-676-0719;
237,Perla Comford,5172 Lake View Point,pcomford6k@newyorker.com,503-709-5369,56-893-4943;
238,Eduardo Ixor,6036 Fremont Center,eixor6l@jimdo.com,281-119-7141,14-397-7822;
239,Viki Sleet,3 Farwell Street,vsleet6m@pcworld.com,110-796-6342,62-006-8787;
240,Dionis Arthan,13 Stang Drive,darthan6n@cpanel.net,681-448-3484,90-918-3858;
241,Penny Bellham,66 Meadow Valley Way,pbellham6o@jimdo.com,588-359-5963,81-368-8703;
242,Ferris Wann,2 Hoffman Place,fwann6p@ebay.co.uk,774-218-3394,29-401-7579;
243,Reggie Derisley,04490 Twin Pines Street,rderisley6q@dmoz.org,398-237-7266,74-704-3151;
244,Trueman Terron,791 Summerview Parkway,tterron6r@opensource.org,921-676-1896,07-412-0022;
245,Ailey Houdhury,1 Kingsford Road,ahoudhury6s@harvard.edu,804-119-2908,55-967-5744;
246,Harlie Lanning,27908 Butternut Center,hlanning6t@theatlantic.com,176-985-0835,45-975-9353;
247,Channa Elven,015 Monterey Terrace,celven6u@quantcast.com,813-676-1194,63-412-6506;
248,Remus Gutans,6879 Autumn Leaf Crossing,rgutans6v@freewebs.com,875-394-3997,68-427-9946;
249,Michal Chidgey,3790 Vidon Way,mchidgey6w@spiegel.de,344-399-2608,15-034-5636;
250,Ferris Sherlaw,2796 Talisman Court,fsherlaw6x@about.com,538-704-6229,33-040-4943;
251,Franky Pencot,407 Novick Center,fpencot6y@google.es,645-679-8444,65-866-1595;
252,Kenon Tennick,582 Spaight Circle,ktennick6z@stanford.edu,175-130-7961,99-967-0123;
253,Josy Jenkerson,2313 Transport Lane,jjenkerson70@ebay.co.uk,523-585-8865,95-406-2486;
254,Carolus Parzis,24 Crest Line Road,cparzis71@youku.com,673-734-8164,31-816-7452;
255,Guillaume Zimmermeister,49351 Bashford Way,gzimmermeister72@ca.gov,550-923-2416,35-910-7223;
256,Wendy Graeser,2424 Barnett Parkway,wgraeser73@ucla.edu,648-765-1617,72-922-8385;
257,Dalton Parken,45788 Petterle Point,dparken74@nps.gov,446-736-2614,09-786-0242;
258,Brant Spieck,12 Fulton Parkway,bspieck75@yahoo.co.jp,206-686-4574,05-517-7143;
259,Lizette Boys,969 Main Plaza,lboys76@usgs.gov,510-332-3369,83-225-1285;
260,Lulita Gavaghan,983 Oak Valley Avenue,lgavaghan77@ycombinator.com,700-252-5184,26-740-9745;
261,Barbie Arpino,53 Holmberg Street,barpino78@google.fr,465-615-2526,21-143-3683;
262,Jordon Hylands,1 Waywood Avenue,jhylands79@about.com,907-719-7254,92-984-9063;
263,Willis Petrillo,9 Truax Plaza,wpetrillo7a@geocities.jp,645-867-9804,91-370-1771;
264,Giacomo Tubritt,669 Packers Plaza,gtubritt7b@cbc.ca,379-604-5720,75-429-6131;
265,Myles Durning,22344 Di Loreto Park,mdurning7c@ifeng.com,287-301-6003,48-662-4112;
266,Rosy Doppler,778 Clemons Terrace,rdoppler7d@goodreads.com,484-500-9967,49-701-8998;
267,Doralyn Bardill,48 Columbus Plaza,dbardill7e@hugedomains.com,882-143-4663,35-458-1543;
268,Cody Oxtarby,209 Morningstar Alley,coxtarby7f@youtube.com,934-592-6808,09-362-6269;
269,Emiline Verlinden,365 Katie Alley,everlinden7g@webmd.com,599-488-9968,19-087-5822;
270,Sabine Mathou,12 Victoria Parkway,smathou7h@dropbox.com,327-573-9172,90-662-6308;
271,Lucais Engel,23774 Weeping Birch Alley,lengel7i@businesswire.com,326-717-1642,78-019-5623;
272,Gerri Jeffcoate,0190 Manufacturers Avenue,gjeffcoate7j@discuz.net,959-448-0813,72-129-8301;
273,Shandie Bleibaum,45288 Londonderry Park,sbleibaum7k@theguardian.com,305-566-3100,05-686-8030;
274,Nealy Ellam,30 Mesta Circle,nellam7l@indiegogo.com,683-968-9983,60-041-5755;
275,Oriana Dearnly,9 Cardinal Plaza,odearnly7m@nih.gov,901-788-1848,52-126-1896;
276,Ely Klossmann,952 Stuart Way,eklossmann7n@aboutads.info,815-328-4759,59-604-6028;
277,Elijah Curado,05061 South Trail,ecurado7o@yellowpages.com,738-858-3759,26-669-6664;
278,Letty Noweak,33 John Wall Lane,lnoweak7p@mapquest.com,383-909-0515,83-019-3168;
279,Jerrine Parrett,72 Everett Drive,jparrett7q@cyberchimps.com,230-366-3194,01-212-1083;
280,Chiquita O'Flynn,2 Rigney Point,coflynn7r@skype.com,202-721-6740,13-639-1015;
281,Barr Garnham,010 Reinke Park,bgarnham7s@mit.edu,871-615-4359,02-856-2893;
282,Cyrillus Darbishire,055 Swallow Park,cdarbishire7t@army.mil,867-205-4372,43-612-3637;
283,Eve Pavis,7 Novick Point,epavis7u@japanpost.jp,257-650-6555,47-154-0470;
284,Simmonds Tolworth,75 Texas Trail,stolworth7v@timesonline.co.uk,768-110-0602,25-272-8891;
285,Karalynn Binding,2593 Morrow Alley,kbinding7w@nifty.com,814-181-9311,98-505-0623;
286,Zorana Gillespey,8 Sachtjen Way,zgillespey7x@nytimes.com,320-614-4802,03-158-8585;
287,Giselle Attard,9 Mccormick Place,gattard7y@loc.gov,682-545-9176,01-621-9746;
288,Merrie Daburn,0060 Calypso Park,mdaburn7z@ebay.co.uk,812-655-1437,39-230-9788;
289,Rubie Saylor,99 Corry Plaza,rsaylor80@ucla.edu,696-689-4916,21-810-3338;
290,Cecily Gauler,74 Ilene Court,cgauler81@oakley.com,999-614-1708,69-196-5394;
291,Silvester Estabrook,0 Anzinger Hill,sestabrook82@angelfire.com,179-186-0686,31-369-3903;
292,Hadria Lusgdin,9 Glendale Way,hlusgdin83@mysql.com,588-374-4110,09-952-0324;
293,Brendis O'Leagham,07 Union Court,boleagham84@arizona.edu,648-988-3194,84-857-0708;
294,Beatrice Huckleby,12366 Orin Terrace,bhuckleby85@umich.edu,301-724-0333,79-890-6087;
295,Beatrix Guilleton,1500 Schiller Park,bguilleton86@time.com,467-752-9520,44-928-5241;
296,Lavina Massingham,19 Porter Pass,lmassingham87@theatlantic.com,359-106-1068,75-615-4166;
297,Heriberto Whitbread,5 Redwing Center,hwhitbread88@foxnews.com,852-407-1925,21-600-3912;
298,Peggy Huckin,37 Almo Way,phuckin89@51.la,500-203-3584,96-615-1650;
299,Suzanna Joe,62847 Almo Point,sjoe8a@people.com.cn,365-847-4491,21-597-4054;
300,Valera Sherville,030 Maryland Point,vsherville8b@house.gov,111-299-5336,82-554-8741;
301,Anatol Doy,708 Pond Park,adoy8c@creativecommons.org,948-276-8102,80-279-1690;
302,Kasper Ridler,841 Shasta Road,kridler8d@so-net.ne.jp,907-670-7820,94-537-7254;
303,Raphaela Keppy,4184 Wayridge Crossing,rkeppy8e@cornell.edu,128-837-5847,13-702-5320;
304,Kerrin Coomber,145 Pond Court,kcoomber8f@cdc.gov,131-332-4410,68-437-6583;
305,Richardo Simionescu,545 Hoard Pass,rsimionescu8g@github.io,684-873-0445,08-855-3605;
306,Opalina McGraw,3 Rutledge Plaza,omcgraw8h@umn.edu,847-757-1474,29-203-3233;
307,Fanya Gready,5563 Corscot Court,fgready8i@phpbb.com,968-144-0926,72-191-6399;
308,Lilyan Baraclough,60 Clyde Gallagher Avenue,lbaraclough8j@freewebs.com,189-175-9846,92-752-6931;
309,Ronnie Grigson,2847 Burning Wood Drive,rgrigson8k@ebay.co.uk,698-199-3432,82-881-9643;
310,Monte Zappel,19222 Marquette Plaza,mzappel8l@elegantthemes.com,370-776-9276,56-256-6663;
311,Alena Pfeifer,3762 Algoma Trail,apfeifer8m@com.com,511-902-5633,21-334-9337;
312,Rita Towey,947 Maple Wood Pass,rtowey8n@deviantart.com,299-219-8666,45-611-0874;
313,Dayna Dolohunty,03 Fieldstone Drive,ddolohunty8o@1und1.de,271-770-2168,09-926-9028;
314,Zia Manford,05757 Old Gate Road,zmanford8p@icio.us,251-197-9608,23-117-9058;
315,Reynard O' Lone,6584 Dexter Hill,ro8q@theatlantic.com,560-995-8368,83-675-4565;
316,Ruddy Carling,688 Hudson Way,rcarling8r@freewebs.com,168-399-8913,32-393-7508;
317,Hamnet Van Geffen,0 Bunting Road,hvan8s@fastcompany.com,763-642-6525,38-388-3640;
318,Payton Bogie,1981 Corscot Lane,pbogie8t@europa.eu,666-824-4659,02-769-7167;
319,Kenton Sawood,22522 Sheridan Trail,ksawood8u@oaic.gov.au,904-601-1555,57-782-0528;
320,Minta Blazeby,636 Loeprich Place,mblazeby8v@europa.eu,113-832-7640,43-586-1688;
321,Elsinore Frackiewicz,1698 Forest Run Plaza,efrackiewicz8w@si.edu,162-845-5982,38-729-4641;
322,Sallie Mandrey,27 Gina Street,smandrey8x@addtoany.com,668-548-8342,37-459-6486;
323,Kelsey McClune,1069 Mendota Drive,kmcclune8y@ftc.gov,203-269-7724,83-145-5992;
324,Faina Vassall,102 Hazelcrest Road,fvassall8z@ning.com,715-739-0950,39-070-3866;
325,Misti Smeath,3 Gale Trail,msmeath90@comsenz.com,594-840-9377,10-713-0497;
326,Jessee Spino,254 Welch Park,jspino91@lulu.com,283-852-5310,54-642-7056;
327,Lucio Jablonski,7 Ronald Regan Circle,ljablonski92@flavors.me,917-303-3430,80-613-1985;
328,Titus Macek,8 Fallview Alley,tmacek93@123-reg.co.uk,642-580-0008,17-109-5258;
329,Zebedee Dominici,70307 Surrey Junction,zdominici94@hhs.gov,878-134-7714,73-155-7914;
330,Priscilla Tunn,79 Weeping Birch Circle,ptunn95@nbcnews.com,442-155-5640,68-128-8310;
331,Brooks Rochester,7 Linden Terrace,brochester96@vkontakte.ru,165-872-6681,86-484-5201;
332,Tuck Medeway,94 Dapin Avenue,tmedeway97@independent.co.uk,196-338-3589,50-515-4038;
333,Tessi Culwen,7 Warner Crossing,tculwen98@ibm.com,465-500-5959,57-763-1632;
334,Judy Goncalo,02714 Stuart Road,jgoncalo99@mlb.com,815-377-1661,98-960-8259;
335,Morse Tolputt,07 Clyde Gallagher Road,mtolputt9a@tmall.com,297-418-6297,66-322-2853;
336,Ada Thoumas,29426 Northfield Pass,athoumas9b@reverbnation.com,322-342-4413,82-976-5093;
337,Luella Hawker,80 Packers Pass,lhawker9c@cloudflare.com,461-517-2195,22-422-6683;
338,Etan Fretson,8 Mallory Court,efretson9d@shinystat.com,662-641-2132,01-760-3394;
339,Bent Hasell,320 Dottie Avenue,bhasell9e@instagram.com,194-924-1541,38-101-3215;
340,Vally Blaise,20891 Charing Cross Plaza,vblaise9f@smugmug.com,644-674-2451,83-860-8496;
341,Malorie Logsdale,49968 Bluestem Plaza,mlogsdale9g@drupal.org,102-783-0377,42-546-4734;
342,Francoise Munden,12 Crest Line Alley,fmunden9h@1688.com,106-735-2196,41-323-6625;
343,Bobbie Saterweyte,885 Lunder Point,bsaterweyte9i@buzzfeed.com,479-735-1725,63-979-6477;
344,Town McCritchie,035 Autumn Leaf Pass,tmccritchie9j@ihg.com,973-647-9391,43-245-3554;
345,Clemmie Wyant,27 Lindbergh Street,cwyant9k@twitter.com,826-498-2779,82-752-3430;
346,Selie Gaenor,1 Del Mar Street,sgaenor9l@wp.com,819-903-3862,38-513-6476;
347,Pen Rubenfeld,520 Anhalt Alley,prubenfeld9m@soundcloud.com,115-119-8022,05-168-9660;
348,Shadow Milch,8 Judy Point,smilch9n@addtoany.com,440-444-1474,94-554-6518;
349,Zacharia Toal,6251 Moulton Alley,ztoal9o@ucsd.edu,334-789-4453,23-725-0584;
350,Henriette Godsal,707 Mcguire Terrace,hgodsal9p@state.tx.us,120-326-3060,28-330-3210;
351,Sibilla Caps,291 Magdeline Trail,scaps9q@istockphoto.com,865-359-7935,82-298-8394;
352,Karel Crebott,9 5th Plaza,kcrebott9r@geocities.jp,839-621-2866,95-856-2936;
353,Vanya McCunn,811 Maryland Circle,vmccunn9s@businessweek.com,331-452-9539,20-161-2223;
354,Ethel Stodart,3 Vahlen Terrace,estodart9t@techcrunch.com,853-622-0526,41-389-6246;
355,Derry Jans,86375 Sauthoff Circle,djans9u@wsj.com,641-181-9461,37-778-5222;
356,Theadora Abdy,86683 Springs Circle,tabdy9v@youtube.com,728-386-0609,08-521-0633;
357,Hally Fullerton,96432 Esker Way,hfullerton9w@infoseek.co.jp,996-238-8427,59-444-2153;
358,Philippine Franchi,0606 Jenifer Court,pfranchi9x@networkadvertising.org,336-188-4897,12-155-2375;
359,Hi Dancy,5 Rockefeller Court,hdancy9y@amazon.co.uk,202-171-5017,40-397-9608;
360,Magdaia Murrell,8701 Arkansas Park,mmurrell9z@cyberchimps.com,976-221-1120,03-620-9549;
361,Demott Hamments,018 Hintze Trail,dhammentsa0@ucoz.com,434-204-5693,29-776-2053;
362,Ketty Blaine,3 Dunning Hill,kblainea1@symantec.com,612-811-0990,71-169-4171;
363,Balduin Jayne,6 Namekagon Trail,bjaynea2@earthlink.net,377-822-4251,14-046-5564;
364,Cordi Furminger,894 Jenifer Park,cfurmingera3@php.net,609-586-7760,10-445-5312;
365,Debor Freddi,0102 Merchant Way,dfreddia4@instagram.com,158-103-5843,64-895-6451;
366,Kelley Minkin,27 Oak Valley Parkway,kminkina5@miibeian.gov.cn,708-299-1460,76-610-7870;
367,Sibilla Skaid,4713 Mockingbird Hill,sskaida6@comcast.net,148-705-2113,85-821-0281;
368,Rod Popplewell,16 Butterfield Pass,rpopplewella7@rediff.com,890-776-3171,99-060-3319;
369,Caroline Shurrocks,998 Independence Crossing,cshurrocksa8@unesco.org,740-655-6840,96-400-3288;
370,Fritz Ramberg,70 Lighthouse Bay Circle,framberga9@newyorker.com,619-840-1240,18-159-3829;
371,Hope Ramage,98 Dorton Court,hramageaa@zdnet.com,686-222-8719,88-582-4831;
372,Rosene Stearne,405 Pennsylvania Trail,rstearneab@geocities.jp,338-374-1581,30-944-6944;
373,Sher Coldman,624 School Court,scoldmanac@bandcamp.com,515-940-0580,07-978-8550;
374,Nilson Costar,40228 Melby Trail,ncostarad@seesaa.net,111-995-6205,08-367-0664;
375,Alan Barens,674 Roxbury Parkway,abarensae@123-reg.co.uk,777-464-0257,32-126-5939;
376,Edithe Tolson,74741 Blaine Center,etolsonaf@bravesites.com,853-973-0054,28-112-9826;
377,Conroy Rasch,72 Orin Terrace,craschag@seattletimes.com,806-932-3358,16-116-7511;
378,Aeriel Cruz,28 Summit Place,acruzah@state.tx.us,630-647-2385,34-504-1276;
379,Kirby Roslen,6221 Ridgeview Parkway,kroslenai@stumbleupon.com,144-606-8779,35-336-8861;
380,Robb Hegarty,11377 Delladonna Alley,rhegarty0@soundcloud.com,421-161-8021,88-708-3657;
381,Staci Bodell,9981 Dottie Junction,sbodellak@google.pl,400-162-7733,74-546-5657;
382,Ryun Champken,53060 John Wall Point,rchampkenal@uol.com.br,744-381-4269,54-818-8224;
383,Sheryl Woodroff,237 Anniversary Lane,swoodroffam@behance.net,226-693-8271,81-032-9771;
384,Jean Laurencot,5 Milwaukee Lane,jlaurencotan@issuu.com,270-266-7326,18-749-6780;
385,Rosaleen Websdale,95200 Green Circle,rwebsdaleao@uiuc.edu,137-705-0530,14-938-2740;
386,Hobart Siss,518 Mesta Court,hsissap@arstechnica.com,181-870-1579,87-984-7677;
387,Dorey Spedding,16580 Prairieview Plaza,dspeddingaq@mail.ru,146-929-8930,40-979-8181;
388,Hugh Bener,0780 Hintze Street,hbenerar@hatena.ne.jp,164-462-3051,44-841-8529;
389,Bendicty Pothbury,15 New Castle Pass,bpothburyas@slideshare.net,549-306-3221,02-300-5012;
390,Violetta Naisbet,5787 Stang Point,vnaisbetat@fda.gov,715-666-0348,93-158-4487;
391,Liesa Rockcliffe,94850 Nevada Terrace,lrockcliffeau@microsoft.com,763-166-3825,54-031-5392;
392,Hagan Petrushka,1225 Mosinee Hill,hpetrushkaav@surveymonkey.com,689-869-9232,18-338-9799;
393,Dara Twigley,65677 Bellgrove Park,dtwigleyaw@fc2.com,972-894-4027,16-340-7994;
394,Lynn Pickersail,9433 Golf Course Plaza,lpickersailax@mapy.cz,698-956-4888,70-799-0984;
395,Letta Gueste,72 Artisan Crossing,lguesteay@lycos.com,245-893-3411,53-557-1210;
396,Orsola Bohlsen,96 Macpherson Court,obohlsenaz@addthis.com,286-169-8212,36-776-0264;
397,Ofilia Parham,71 Kennedy Avenue,oparhamb0@google.com,642-487-1719,47-354-4801;
398,Preston Peinton,59444 Michigan Park,ppeintonb1@lulu.com,345-556-4039,69-381-8861;
399,Jada Delacoste,50129 Monica Point,jdelacosteb2@pinterest.com,611-882-4640,33-107-1893;
400,Gabbie Akroyd,36 Dixon Parkway,gakroydb3@blogger.com,809-500-7576,33-054-7607;
401,Elmo Filipson,38726 Dottie Street,efilipsonb4@sun.com,783-972-9246,54-036-5928;
402,Dan St Angel,3 Union Court,dstb5@xrea.com,542-556-6130,14-175-3277;
403,Barnett MacRonald,1121 Havey Road,bmacronaldb6@list-manage.com,179-313-6028,17-989-5843;
404,Charlie Grace,0 Starling Point,cgraceb7@shinystat.com,892-796-4065,06-734-1529;
405,Codi Stanex,18524 Nancy Lane,cstanexb8@fda.gov,638-436-1574,36-220-8855;
406,Mathew Eric,03 Buell Terrace,mericb9@wikia.com,934-413-3119,55-505-6449;
407,Idette Smithers,63 Welch Crossing,ismithersba@wikispaces.com,380-732-0323,57-436-6640;
408,Ailsun Mc Trusty,32 Tony Circle,amcbb@paypal.com,704-578-0735,00-269-4051;
409,Ian Sigge,96 Loftsgordon Plaza,isiggebc@theatlantic.com,566-338-7052,58-363-8084;
410,Winnah Bennison,0740 Dexter Point,wbennisonbd@soundcloud.com,537-732-2937,43-581-5464;
411,Flor Palser,92 Mayer Place,fpalserbe@stumbleupon.com,415-701-7338,79-377-7326;
412,Melinda Henker,507 3rd Center,mhenkerbf@google.cn,721-897-7738,36-252-8422;
413,Ulrick Jeness,20 Del Sol Crossing,ujenessbg@parallels.com,768-963-1884,91-217-7645;
414,Janene Grimmer,19772 Transport Junction,jgrimmerbh@themeforest.net,788-676-6664,03-895-3050;
415,Kienan Gaither,8 Lien Alley,kgaitherbi@list-manage.com,450-429-8703,46-193-3571;
416,Alane Dunkerton,95736 Loftsgordon Park,adunkertonbj@boston.com,633-911-3510,17-089-9463;
417,Tamera Greschke,43 Monterey Park,tgreschkebk@opensource.org,950-132-2143,93-768-8230;
418,Sheena Outlaw,4 West Junction,soutlawbl@who.int,950-862-4623,59-488-8361;
419,Mackenzie Caudle,07 Straubel Plaza,mcaudlebm@slideshare.net,833-213-4694,41-618-5134;
420,Priscella Chooter,097 Cordelia Pass,pchooterbn@csmonitor.com,728-680-3799,63-619-5869;
421,Coral Wrathmell,9104 Valley Edge Street,cwrathmellbo@tmall.com,562-821-9743,93-701-0343;
422,Micaela MacCauley,50 Chive Terrace,mmaccauleybp@histats.com,334-338-7403,27-427-8699;
423,Rose Siveyer,15008 Oak Center,rsiveyerbq@icq.com,752-783-2931,37-123-9720;
424,Steffi Komorowski,7 Fordem Circle,skomorowskibr@techcrunch.com,155-516-9394,70-180-3835;
425,Waldon Goghin,203 Daystar Plaza,wgoghinbs@paypal.com,702-981-6336,20-548-6388;
426,Blaine Remnant,18 Dixon Center,bremnantbt@wix.com,757-937-3081,32-670-6287;
427,Joey Tretwell,0 Michigan Junction,jtretwellbu@163.com,339-725-2351,67-461-1749;
428,Klaus Triggel,2922 Sloan Plaza,ktriggelbv@umich.edu,527-888-5592,33-286-2732;
429,Catarina Kubat,6 Mallory Trail,ckubatbw@w3.org,440-942-1336,26-348-6197;
430,Johnathan Dorro,26273 Meadow Vale Road,jdorrobx@dyndns.org,759-159-2822,00-811-7028;
431,Lefty Hoyle,23309 Transport Terrace,lhoyleby@shop-pro.jp,150-642-4092,58-263-2424;
432,Desiri Seccombe,1233 Springs Point,dseccombebz@jigsy.com,582-344-4615,18-149-3544;
433,Onida Botright,21 Bellgrove Way,obotrightc0@phoca.cz,561-896-8802,90-082-2299;
434,Roana Pymar,1 Loftsgordon Lane,rpymarc1@yellowpages.com,786-623-6441,56-756-2868;
435,Derk Goulter,799 West Court,dgoulterc2@arstechnica.com,808-866-5992,06-988-6808;
436,Aubrey Witten,3 Upham Road,awittenc3@over-blog.com,825-842-9733,30-397-8190;
437,Ava Housley,2 Miller Lane,ahousleyc4@alibaba.com,624-834-3582,80-291-7828;
438,Thacher Bleakley,8004 New Castle Alley,tbleakleyc5@mit.edu,252-835-1719,37-014-0362;
439,Rea Mumby,6 Hudson Road,rmumbyc6@theglobeandmail.com,130-924-6111,36-900-2138;
440,Kendra Reade,29 Clove Crossing,kreadec7@bluehost.com,710-266-0867,25-263-2673;
441,Colet Carlick,52 New Castle Circle,ccarlickc8@imgur.com,611-975-7643,40-655-8826;
442,Kikelia Boncoeur,4 Packers Alley,kboncoeurc9@drupal.org,221-255-3246,05-223-3174;
443,Wileen Tapley,5 Susan Drive,wtapleyca@qq.com,721-712-7112,13-366-7973;
444,Sinclair Baskwell,5 Cottonwood Place,sbaskwellcb@reference.com,748-173-1965,97-571-8698;
445,Isaiah Beggini,34 Fisk Terrace,ibegginicc@businessinsider.com,209-586-7022,76-533-5636;
446,Shanna Kleszinski,41593 Bluestem Place,skleszinskicd@thetimes.co.uk,317-605-4042,71-850-9216;
447,Jaimie Buckland,3350 Gateway Alley,jbucklandce@blogger.com,426-120-4312,61-945-8431;
448,Ron Filipov,90948 Messerschmidt Terrace,rfilipovcf@cisco.com,160-834-5581,61-780-4042;
449,Bobbye Philipsohn,819 Northwestern Street,bphilipsohncg@vk.com,424-810-4863,80-058-3046;
450,Johnette Massinger,546 Delaware Court,jmassingerch@nih.gov,998-560-5654,42-664-0809;
451,Netty Arnson,9972 Dixon Junction,narnsonci@meetup.com,109-837-1800,07-462-1833;
452,Scotti Beadles,28 Miller Place,sbeadlescj@abc.net.au,562-627-9099,32-738-0737;
453,Florian Janew,343 Clemons Lane,fjanewck@51.la,696-905-3993,47-511-3071;
454,Davin Wilkison,5 Pennsylvania Avenue,dwilkisoncl@wikimedia.org,297-492-5133,97-676-5605;
455,Mabelle Dengel,255 Manley Lane,mdengelcm@telegraph.co.uk,425-234-8588,71-615-1803;
456,Raeann Rosebotham,558 Talmadge Avenue,rrosebothamcn@hexun.com,576-305-8480,13-749-9610;
457,Laney Harries,696 Shelley Lane,lharriesco@scientificamerican.com,737-368-2100,35-669-2946;
458,Vito Budgett,5610 Merchant Park,vbudgettcp@mysql.com,732-497-7608,56-776-8719;
459,Bianca Stelfax,63566 Scott Place,bstelfaxcq@who.int,193-537-9068,04-412-4417;
460,Kylila L'Episcopi,80 Trailsway Terrace,klepiscopicr@bigcartel.com,820-215-2091,39-192-5647;
461,Nancy Aloshechkin,39 Spohn Hill,naloshechkincs@wordpress.org,251-491-6533,84-961-6196;
462,Windham De Luna,4 Sutteridge Court,wdect@sitemeter.com,356-532-3269,83-408-1415;
463,Hamlin Hughlin,39 Pawling Hill,hhughlincu@vk.com,271-850-6520,84-899-6223;
464,Stefanie Challiss,0782 Steensland Center,schallisscv@census.gov,199-634-1409,10-251-0963;
465,Aksel Swanton,63483 Havey Circle,aswantoncw@reverbnation.com,341-983-2280,27-169-4591;
466,Hersch Trask,05592 Tomscot Terrace,htraskcx@globo.com,785-996-1108,96-628-0483;
467,Silvie Braferton,514 Kropf Place,sbrafertoncy@sfgate.com,788-196-5643,73-538-2584;
468,Kristo Pickworth,4 Eagle Crest Alley,kpickworthcz@xinhuanet.com,336-973-2879,24-029-1065;
469,Jacob Tellenbrok,929 Northfield Park,jtellenbrokd0@privacy.gov.au,392-702-8314,14-145-8328;
470,Andra Mainson,800 Dennis Plaza,amainsond1@timesonline.co.uk,476-580-2925,38-315-1783;
471,Arlee Boddam,0 Parkside Point,aboddamd2@businessweek.com,269-640-0291,00-783-8068;
472,Ted Luigi,5 Jackson Road,tluigid3@vimeo.com,849-162-8108,41-073-1031;
473,Hernando Codron,02 Delaware Park,hcodrond4@washington.edu,698-301-9699,05-584-2801;
474,Ron Chell,5609 Sachs Pass,rchelld5@vistaprint.com,837-310-3156,98-527-3990;
475,Antoine Carslaw,5166 Carioca Parkway,acarslawd6@huffingtonpost.com,746-931-4376,21-297-5793;
476,Esmaria Baynon,8521 Talisman Lane,ebaynond7@networkadvertising.org,118-597-6992,06-241-3640;
477,Barret Guiet,42066 Autumn Leaf Trail,bguietd8@ebay.com,864-770-8121,66-670-4906;
478,Rebekah Royce,930 Mendota Avenue,rroyced9@unesco.org,630-446-5106,73-163-0693;
479,Zak Armitage,87069 Vahlen Plaza,zarmitageda@adobe.com,145-388-9607,12-856-7029;
480,Frankie Killner,57414 Meadow Vale Street,fkillnerdb@altervista.org,457-781-7975,53-522-7984;
481,Tobey Kinnerley,34874 Lakewood Plaza,tkinnerleydc@booking.com,413-974-2397,15-392-4484;
482,Ursala Allender,56 Green Ridge Point,uallenderdd@yelp.com,226-545-5807,87-389-3314;
483,Meyer Spon,73164 Kennedy Pass,msponde@dell.com,886-123-8367,22-211-0523;
484,Nesta Hubner,2 Eggendart Street,nhubnerdf@fc2.com,841-767-2224,70-182-6041;
485,Corbett Jevon,5868 Morning Plaza,cjevondg@zdnet.com,504-236-0744,50-326-7609;
486,Ermin Van't Hoff,3 Bashford Park,evantdh@xrea.com,788-111-2378,04-430-8409;
487,Liuka Mauger,71 Donald Center,lmaugerdi@soup.io,554-880-1862,93-709-9336;
488,Paulo Blasli,828 Charing Cross Center,pblaslidj@squarespace.com,695-926-9458,75-580-8830;
489,Barbe Hallgath,02 Fisk Way,bhallgathdk@imgur.com,686-249-1064,36-146-1639;
490,Bibby Grier,27 Welch Drive,bgrierdl@linkedin.com,114-281-9574,00-800-6420;
491,Gerry Moretto,1277 Cottonwood Court,gmorettodm@123-reg.co.uk,907-968-0336,00-367-5315;
492,Alli Janny,6 Fordem Hill,ajannydn@wired.com,936-783-7878,81-135-0579;
493,Myrilla Follett,9608 Rusk Place,mfollettdo@imgur.com,512-531-0717,88-170-9418;
494,Alayne Vautrey,553 Anniversary Way,avautreydp@arstechnica.com,210-655-0399,84-605-4440;
495,Koralle Farres,400 Rockefeller Place,kfarresdq@vkontakte.ru,829-871-5402,59-632-1514;
496,Andie Grove,0 Hollow Ridge Street,agrovedr@pinterest.com,614-717-1105,88-983-1984;
497,Bertina Baselli,8702 Novick Crossing,bbasellids@homestead.com,882-540-5541,74-562-4572;
498,Corny Woolens,3392 Tennessee Avenue,cwoolensdt@washington.edu,572-155-9534,00-398-7826;
499,Maressa Vurley,87 Old Gate Parkway,mvurleydu@bing.com,400-998-3090,75-080-4581;
500,Morry Isakovic,8 7th Parkway,misakovicdv@liveinternet.ru,973-751-2298,54-559-7111;
501,Janella Riddiough,24792 Blackbird Point,jriddioughdw@fc2.com,863-539-5655,38-651-4070;
502,Lowell Tumioto,1 Carey Place,ltumiotodx@mediafire.com,528-272-2553,65-970-4610;
503,Morlee Phlipon,7 Hallows Place,mphlipondy@google.com,579-851-7432,10-104-5521;
504,Wolfgang Gillitt,5070 Mayfield Court,wgillittdz@chicagotribune.com,903-294-2670,03-193-4473;
505,Sherman Zecchini,97 Meadow Ridge Hill,szecchinie0@nhs.uk,788-436-7972,85-048-3006;
506,Osbourne Mounch,55780 Lukken Parkway,omounche1@bluehost.com,903-388-6212,76-157-9629;
507,Stanislaus Gadesby,177 Forest Dale Plaza,sgadesbye2@last.fm,620-338-8146,63-200-5026;
508,Katrina McCraw,13878 Truax Crossing,kmccrawe3@nifty.com,356-165-4437,17-842-9541;
509,Aidan Duxbury,083 Pleasure Point,aduxburye4@angelfire.com,433-802-4757,36-677-1123;
510,Ethelyn Stango,892 Division Circle,estangoe5@about.com,394-681-6578,23-493-5719;
511,Sibilla Sawl,056 Summerview Way,ssawle6@adobe.com,895-596-6263,76-746-0952;
512,Nikolaus Pleass,3 Sutherland Center,npleasse7@thetimes.co.uk,733-136-1720,83-303-0408;
513,Debra Wink,7491 John Wall Avenue,dwinke8@examiner.com,620-338-9768,66-356-2179;
514,Radcliffe Spiby,10 Bashford Drive,rspibye9@nifty.com,383-615-8496,44-417-2030;
515,Cristal Kubacek,12 East Junction,ckubacekea@hubpages.com,929-183-0503,33-507-3427;
516,Ivory Timeby,4338 Helena Trail,itimebyeb@etsy.com,847-278-7704,74-305-8998;
517,Tades Entwistle,12819 Clove Way,tentwistleec@unesco.org,346-421-1504,92-652-8369;
518,Ber Wylam,2548 Manufacturers Hill,bwylamed@sakura.ne.jp,727-565-8717,18-422-5788;
519,Rikki Asple,92 Karstens Center,raspleee@tripod.com,913-326-2093,86-960-0877;
520,Jocelin Kerner,2 Arrowood Street,jkerneref@virginia.edu,223-169-2868,73-157-9589;
521,Laney Harries,696 Shelley Lane,lharriesco@scientificamerican.com,737-368-2100,35-669-2946;
522,Benson Olekhov,161 Ohio Center,bolekhoveh@gizmodo.com,382-378-3232,73-429-3448;
523,Massimo Rabson,5 Lukken Parkway,mrabsonei@homestead.com,792-987-6991,16-844-4218;
524,Clemmy Braddock,0065 Golf Course Circle,cbraddockej@tinyurl.com,999-784-5482,58-444-0724;
525,Gabbey Ludlem,7 Delaware Way,gludlemek@simplemachines.org,838-671-6027,08-112-0168;
526,Aurora Sargeant,607 Boyd Court,asargeantel@omniture.com,635-505-0312,30-548-7488;
527,Billi Hambling,66 Rutledge Hill,bhamblingem@psu.edu,112-511-7174,67-113-9969;
528,Rhonda Baxter,56 Debra Trail,rbaxteren@cnet.com,648-803-0123,86-344-3683;
529,Dawna Stoad,81677 Carpenter Circle,dstoadeo@domainmarket.com,572-450-8033,31-867-9351;
530,Darn Happs,8 Warrior Junction,dhappsep@economist.com,488-379-8131,03-285-5929;
531,Mahala Poon,6920 Miller Circle,mpooneq@samsung.com,712-444-6923,31-321-4416;
532,Wilmette Moret,30 Merrick Road,wmoreter@cisco.com,262-126-9732,70-003-0915;
533,Edie Halvosen,52453 Bay Lane,ehalvosenes@google.it,420-571-5391,16-066-2136;
534,Lanie O'Crotty,2301 Butterfield Place,locrottyet@msu.edu,290-797-9228,16-734-9496;
535,Luisa Carlaw,07664 Mosinee Park,lcarlaweu@elegantthemes.com,478-467-4230,72-682-1454;
536,Haslett Kolyagin,5121 Pine View Avenue,hkolyaginev@bloomberg.com,475-892-0804,49-073-7247;
537,Carl Jeannin,23 Sunfield Alley,cjeanninew@stanford.edu,864-883-5930,89-937-9248;
538,Patrick Tatlowe,8 Talisman Alley,ptatloweex@sogou.com,480-119-6973,92-995-1962;
539,Nada Rickaert,03535 Myrtle Hill,nrickaertey@irs.gov,259-576-0807,34-504-3692;
540,Laetitia Sunshine,37310 Lillian Street,lsunshineez@whitehouse.gov,951-268-6937,10-044-4227;
541,Eva Fibbens,19 Quincy Crossing,efibbensf0@studiopress.com,949-401-8430,98-886-0671;
542,Joelie Strother,53 Portage Center,jstrotherf1@gizmodo.com,724-130-0256,38-635-4587;
543,Leah Northey,08 Hooker Terrace,lnortheyf2@unc.edu,271-214-2444,72-334-6048;
544,Gavra Wedlake,8828 Westport Place,gwedlakef3@wp.com,185-856-9896,99-442-2385;
545,Edyth Stienton,208 Lotheville Avenue,estientonf4@elegantthemes.com,447-963-2915,61-307-8166;
546,Reeva Fedorski,45 Iowa Place,rfedorskif5@phpbb.com,912-907-7155,72-147-4040;
547,Lorianna Janota,3508 Roxbury Crossing,ljanotaf6@tmall.com,719-306-5627,99-518-1825;
548,Clea Lougheid,398 Village Green Parkway,clougheidf7@gizmodo.com,971-183-3226,53-480-3306;
549,Kendall Abilowitz,1872 Lunder Center,kabilowitzf8@twitpic.com,753-749-2518,95-407-9245;
550,Suzy Danilyak,18602 Lakeland Pass,sdanilyakf9@edublogs.org,727-710-0372,94-930-6135;
551,Dulcea Summerlee,15 Donald Point,dsummerleefa@exblog.jp,936-292-6706,13-320-1503;
552,Joy Enright,56317 Pine View Hill,jenrightfb@ihg.com,177-197-4724,63-691-9066;
553,Annadiana Smorthwaite,4 Debs Trail,asmorthwaitefc@wikimedia.org,109-840-8905,55-412-5504;
554,Verne Bernasek,70978 Russell Junction,vbernasekfd@ebay.com,593-627-3818,48-085-9366;
555,Janela Balsillie,64919 Gerald Terrace,jbalsilliefe@posterous.com,813-845-9184,53-556-4305;
556,Eugen Gollard,32 Village Green Park,egollardff@cisco.com,484-953-7023,30-415-7548;
557,Eldredge Spratt,1 Londonderry Trail,esprattfg@ted.com,430-341-1844,30-016-9708;
558,Star Grimm,5 Thierer Way,sgrimmfh@businessweek.com,401-582-1510,94-356-8194;
559,Marin Hendrick,016 Fulton Terrace,mhendrickfi@furl.net,174-228-8124,09-297-9203;
560,Loleta Guiet,27 Norway Maple Trail,lguietfj@ebay.com,343-613-3838,27-341-0362;
561,Kassey Skoate,1945 Carberry Avenue,kskoatefk@4shared.com,703-986-4493,28-884-2139;
562,Diahann Reichartz,89 Bultman Pass,dreichartzfl@gov.uk,582-597-2776,91-417-6943;
563,Hanson Jery,35 Division Point,hjeryfm@ustream.tv,808-922-5206,12-318-3929;
564,Shaylyn Whitehorn,9 Corben Plaza,swhitehornfn@squidoo.com,584-436-1538,37-715-6500;
565,Patrica Langan,03 Meadow Vale Center,planganfo@wired.com,803-393-2721,92-189-4867;
566,Marne Dyment,3166 Riverside Alley,mdymentfp@irs.gov,278-730-6051,68-008-7406;
567,Marjory Leming,66 Superior Lane,mlemingfq@topsy.com,659-910-4121,37-324-7462;
568,Glynn Corbert,97010 Division Pass,gcorbertfr@arstechnica.com,494-335-9833,91-148-1692;
569,Angelina Liversedge,458 Fisk Way,aliversedgefs@mac.com,291-502-8228,16-731-3555;
570,Johann Preshous,72 Aberg Way,jpreshousft@so-net.ne.jp,490-806-7930,22-717-9819;
571,Joann Gibard,9 Cottonwood Circle,jgibardfu@cdc.gov,517-164-8214,76-739-8671;
572,Maximilianus Dundredge,416 Pierstorff Plaza,mdundredgefv@hugedomains.com,681-684-8072,23-397-1122;
573,Pacorro Dionisii,056 Drewry Center,pdionisiifw@auda.org.au,600-678-3456,05-384-7740;
574,Abby Schultheiss,81551 Mcbride Crossing,aschultheissfx@de.vu,607-682-8781,81-207-8893;
575,Arnuad Impey,610 Algoma Circle,aimpeyfy@1und1.de,390-795-3435,14-065-5772;
576,Delcine Demangel,9767 Village Avenue,ddemangelfz@meetup.com,911-227-9939,34-278-8490;
577,Vinny Schukert,6 Gale Junction,vschukertg0@tmall.com,542-143-1186,13-843-0316;
578,Ada Flanigan,2644 Loftsgordon Street,aflanigang1@huffingtonpost.com,357-336-8181,35-291-2848;
579,Redford Ebben,078 Green Ridge Junction,rebbeng2@stumbleupon.com,372-421-0183,14-084-9783;
580,Rafa Bradnocke,20993 Randy Circle,rbradnockeg3@harvard.edu,227-181-4668,45-916-6069;
581,Javier Isaacs,9 Sugar Terrace,jisaacsg4@topsy.com,841-984-6995,83-274-5323;
582,Blayne Weinmann,8 Brown Lane,bweinmanng5@java.com,168-748-3994,40-112-0951;
583,Felicia Mifflin,241 Myrtle Junction,fmiffling6@youtu.be,291-798-2662,94-450-5277;
584,Dacey Lanahan,5 Cascade Center,dlanahang7@studiopress.com,272-269-9024,56-936-9806;
585,Nollie Fidian,6524 Delaware Park,nfidiang8@yolasite.com,634-947-4749,55-777-8745;
586,Gabbey Wiggans,9 Thackeray Center,gwiggansg9@typepad.com,200-486-3863,06-165-5407;
587,Hilarius Kayser,6 Pearson Center,hkayserga@quantcast.com,772-690-1457,16-950-0134;
588,Kathlin Blencoe,7081 Main Avenue,kblencoegb@nih.gov,453-553-3019,93-310-5424;
589,Ailene Barkley,054 Onsgard Hill,abarkleygc@yahoo.co.jp,962-836-6618,12-962-3792;
590,Steward Nelius,586 Menomonie Point,sneliusgd@google.nl,513-595-7014,49-899-1804;
591,Clerkclaude Bernhardt,2074 Blaine Trail,cbernhardtge@nps.gov,819-159-5819,15-797-4661;
592,Olive Pidgeley,6 Mcbride Street,opidgeleygf@wiley.com,477-392-1058,28-607-5277;
593,Ruttger Risdale,67 Oak Parkway,rrisdalegg@washingtonpost.com,702-557-7807,15-106-5648;
594,Rosemaria Lapley,345 Crowley Crossing,rlapleygh@goo.gl,445-753-9748,55-214-6377;
595,Agnese Klaas,250 Del Sol Terrace,aklaasgi@drupal.org,961-642-1274,73-110-2019;
596,Cordie Skamal,87 Glacier Hill Circle,cskamalgj@stumbleupon.com,646-908-2244,16-343-5162;
597,Emmi Shattock,052 Briar Crest Plaza,eshattockgk@seattletimes.com,214-296-7465,97-990-7412;
598,Arlette Wiskar,4 Forest Dale Circle,awiskargl@whitehouse.gov,237-756-7533,67-186-8015;
599,Lavinie Heinert,4 Caliangt Road,lheinertgm@un.org,794-428-7502,00-659-4813;
600,Conney Merrett,2501 Tomscot Alley,cmerrettgn@archive.org,480-107-2072,43-951-2614;
601,Ursala Pruckner,2872 Haas Circle,uprucknergo@prweb.com,510-101-6865,29-108-0632;
602,Denys Rozet,157 Spaight Trail,drozetgp@reverbnation.com,516-800-1421,22-598-9330;
603,Helen Goade,79238 Rutledge Center,hgoadegq@dot.gov,323-157-3701,58-056-9983;
604,Tiff Meir,3163 Northwestern Lane,tmeirgr@symantec.com,523-578-7028,35-029-8675;
605,Abba Tilling,4819 Del Mar Center,atillinggs@bloglines.com,751-655-4944,43-337-5922;
606,Morgen Shuxsmith,47 Express Terrace,mshuxsmithgt@i2i.jp,912-987-5448,67-950-6148;
607,Rosalinda Torfin,224 Corben Lane,rtorfingu@digg.com,242-817-4215,33-914-6654;
608,Gardner Kullmann,1 Pawling Crossing,gkullmanngv@cbslocal.com,518-890-4958,84-032-9410;
609,Danny Arrigucci,565 Cambridge Point,darriguccigw@free.fr,340-180-6353,37-343-5711;
610,Hyacinthe Pool,472 Anniversary Parkway,hpoolgx@trellian.com,149-142-5166,85-182-7975;
611,Gottfried Ranscombe,73871 Stephen Pass,granscombegy@rediff.com,595-139-3468,52-291-1424;
612,Marni Gellately,18 Surrey Alley,mgellatelygz@fema.gov,528-388-8880,70-947-5937;
613,Sile Towlson,15 Sunfield Street,stowlsonh0@sogou.com,228-331-3576,61-601-9554;
614,Mavra Chellam,1641 Kinsman Pass,mchellamh1@bigcartel.com,179-330-1669,83-688-4793;
615,Nathalie Munkton,9699 Hudson Pass,nmunktonh2@ft.com,233-448-5976,22-672-0166;
616,Stace Hefforde,706 Elgar Point,sheffordeh3@biblegateway.com,792-600-4194,21-954-3553;
617,Kaylil Struthers,8 Mallory Alley,kstruthersh4@epa.gov,722-432-4087,53-584-2079;
618,Teresina Oaten,7237 Lindbergh Place,toatenh5@exblog.jp,309-212-8138,91-501-6311;
619,Kath Amorts,26942 Westend Crossing,kamortsh6@feedburner.com,992-973-7967,52-202-0374;
620,Adelice Essex,587 Dorton Trail,aessexh7@yandex.ru,115-243-7748,16-810-6778;
621,Mahmoud Capstaff,64738 Union Pass,mcapstaffh8@pagesperso-orange.fr,335-715-0120,09-140-1630;
622,Rickert Krzysztofiak,8 Eastlawn Way,rkrzysztofiakh9@ox.ac.uk,184-526-8137,87-457-7114;
623,Arlinda Semper,04 Bunker Hill Plaza,asemperha@github.io,628-654-7850,64-111-5667;
624,Aldon Wylam,14 Farwell Plaza,awylamhb@harvard.edu,554-511-4726,94-916-3150;
625,Terrel Stummeyer,4107 Iowa Center,tstummeyerhc@lycos.com,214-559-4615,37-967-9355;
626,Rosemary Joannic,457 Cordelia Place,rjoannichd@wufoo.com,862-161-6242,50-583-0155;
627,Cher Brideoke,5 Cordelia Parkway,cbrideokehe@nymag.com,603-850-1332,33-514-9813;
628,Floria Jorcke,1 Springview Crossing,fjorckehf@netscape.com,530-153-9616,84-994-6319;
629,Prentice Claisse,48 Stuart Way,pclaissehg@posterous.com,166-175-0923,75-497-3502;
630,Edik Hardeman,5162 Warrior Crossing,ehardemanhh@alibaba.com,786-227-5606,96-444-7524;
631,Vivianna Eads,3514 Warrior Plaza,veadshi@jimdo.com,528-679-3809,85-550-1812;
632,Ofilia Pailin,88 Glacier Hill Hill,opailinhj@tmall.com,535-549-3821,52-095-7434;
633,Tawnya Jouen,29 Maple Wood Avenue,tjouenhk@myspace.com,804-505-2379,15-567-2576;
634,Krysta Duferie,77 Melody Junction,kduferiehl@cbsnews.com,935-977-9082,05-094-1710;
635,Paloma Marquiss,69 Dapin Court,pmarquisshm@ezinearticles.com,263-905-1371,14-108-8391;
636,Alena Basset,05244 Summerview Avenue,abassethn@japanpost.jp,726-104-8093,81-533-2193;
637,Irv Maude,59052 Everett Hill,imaudeho@nationalgeographic.com,488-998-6648,65-590-6197;
638,Maressa Else,0294 Bellgrove Court,melsehp@eepurl.com,143-217-8739,89-290-8112;
639,Rahal O'Hengerty,11212 International Place,rohengertyhq@godaddy.com,205-515-4859,51-106-3457;
640,Dalston Aldersey,38 Hermina Trail,dalderseyhr@about.me,101-645-8250,97-065-6043;
641,Else Brinkworth,286 1st Junction,ebrinkworthhs@canalblog.com,390-337-8097,78-901-1828;
642,Quinn Glynn,45507 4th Trail,qglynnht@bizjournals.com,503-799-7098,22-969-7916;
643,Ricki Guyonnet,8 Barby Alley,rguyonnethu@theguardian.com,134-680-0007,37-204-1381;
644,Giffy Cupper,663 Evergreen Circle,gcupperhv@about.me,977-620-8844,89-371-0280;
645,Suzi Giorgiutti,2 Northridge Trail,sgiorgiuttihw@constantcontact.com,800-772-5025,18-681-8444;
646,Carola Grishakov,8632 North Drive,cgrishakovhx@slashdot.org,260-251-9954,93-277-4704;
647,Dieter Grahamslaw,7408 Spaight Avenue,dgrahamslawhy@macromedia.com,482-831-9068,49-536-3832;
648,Traver Braham,097 Hollow Ridge Trail,tbrahamhz@g.co,595-353-4872,50-334-7832;
649,Laney Harries,696 Shelley Lane,lharriesco@scientificamerican.com,737-368-2100,35-669-2946;
650,Helge Bess,879 Independence Plaza,hbessi1@sciencedirect.com,581-666-2728,42-918-7711;
651,Cyndi Cowdroy,22 Steensland Circle,ccowdroyi2@networkadvertising.org,704-652-8957,60-597-1305;
652,Kermie Trimmell,5371 Mesta Point,ktrimmelli3@microsoft.com,645-673-7559,22-304-8529;
653,Ardelia O'Duggan,705 Buena Vista Street,aoduggani4@4shared.com,505-123-8301,25-289-6461;
654,Dacy Tattershall,7421 Lillian Park,dtattershalli5@soundcloud.com,945-191-2782,26-079-9914;
655,Gipsy Gostick,34195 Maple Avenue,ggosticki6@istockphoto.com,377-343-3200,08-436-1861;
656,Andris Messer,91 Dwight Court,amesseri7@feedburner.com,686-164-3579,93-554-3650;
657,Shep Marvel,1084 Killdeer Park,smarveli8@ezinearticles.com,670-984-3097,36-146-5713;
658,Georas Adamo,04378 Westend Hill,gadamoi9@mediafire.com,253-102-1080,73-294-0469;
659,Jared Giamuzzo,2 Blue Bill Park Pass,jgiamuzzoia@wikia.com,446-441-7544,33-032-2160;
660,Jasmina Coyett,63576 Waxwing Lane,jcoyettib@booking.com,607-271-0571,56-356-2381;
661,Esther Bescoby,25401 Emmet Parkway,ebescobyic@studiopress.com,532-308-4799,45-304-6219;
662,Mario Dunthorne,2 Anniversary Crossing,mdunthorneid@slideshare.net,725-407-4220,15-970-2320;
663,Jelene Kidstoun,44 Veith Park,jkidstounie@cyberchimps.com,613-373-9137,15-195-6068;
664,Eliot Steadman,1778 Oak Valley Parkway,esteadmanif@squidoo.com,353-867-8820,16-991-5650;
665,Remus Cheatle,5223 Jenna Hill,rcheatleig@blogspot.com,796-312-3691,95-811-5357;
666,Nilson Shingfield,2 Porter Pass,nshingfieldih@blogs.com,636-777-9158,27-230-0979;
667,Francesco Spadeck,397 Park Meadow Court,fspadeckii@xinhuanet.com,301-792-0541,12-270-6751;
668,Osgood Medlicott,5 Lunder Point,omedlicottij@flavors.me,546-435-9761,98-066-9301;
669,Barbe Colby,610 Glacier Hill Pass,bcolbyik@gizmodo.com,381-447-4382,43-820-6437;
670,Terry Connechy,45853 Amoth Trail,tconnechyil@nymag.com,745-788-0953,22-974-2007;
671,Andrey Baise,37876 Hallows Lane,abaiseim@behance.net,869-496-4326,86-726-5784;
672,Charin Queree,06175 Hanover Pass,cquereein@diigo.com,583-664-8286,79-769-4457;
673,Stephanus Dosdell,207 Fair Oaks Circle,sdosdellio@cnbc.com,520-978-2335,09-621-7278;
674,Pietra Ziemecki,13305 Delladonna Parkway,pziemeckiip@msn.com,845-134-9976,06-149-3881;
675,Chlo Rylett,7245 Elka Circle,crylettiq@vistaprint.com,548-824-5511,97-732-6299;
676,Kippar Fawssett,14678 Birchwood Point,kfawssettir@usnews.com,280-698-7436,01-071-0263;
677,Kirsten Cobbald,590 Grasskamp Avenue,kcobbaldis@about.me,571-746-9763,68-374-9359;
678,Sosanna Hiseman,46731 Loeprich Crossing,shisemanit@utexas.edu,349-205-5364,39-128-7499;
679,Saul Dowe,32 Cody Point,sdoweiu@un.org,717-251-3879,15-799-3239;
680,Ethe Caccavella,92087 Judy Avenue,ecaccavellaiv@examiner.com,737-869-9283,18-842-5897;
681,Danit Caroll,63678 Columbus Way,dcarolliw@infoseek.co.jp,895-128-9540,95-961-1805;
682,Lorilyn Kleinplatz,6 Express Plaza,lkleinplatzix@123-reg.co.uk,602-484-5924,44-451-8075;
683,Flora Morhall,5 Red Cloud Junction,fmorhalliy@hatena.ne.jp,707-569-4728,84-643-6597;
684,Cort Stockbridge,3 Sullivan Terrace,cstockbridgeiz@dyndns.org,142-241-2200,54-038-9046;
685,Krishnah Scotting,7 Eastlawn Drive,kscottingj0@stanford.edu,679-201-5271,77-761-6802;
686,Nollie Selland,1 Mitchell Park,nsellandj1@ebay.co.uk,186-401-8927,17-970-9595;
687,Julia Lund,42505 Lerdahl Alley,jlundj2@dagondesign.com,761-785-9549,22-079-2959;
688,Rafaello Hentzeler,46 Amoth Court,rhentzelerj3@unc.edu,442-135-6682,05-905-4036;
689,Mozes Dominici,4652 Schmedeman Alley,mdominicij4@nydailynews.com,707-656-2238,88-412-0943;
690,Costanza McNickle,8 Westerfield Lane,cmcnicklej5@yolasite.com,740-461-3542,16-303-9701;
691,Crin Tuberfield,37 Granby Way,ctuberfieldj6@webmd.com,895-246-5981,34-368-1725;
692,Barney Sketcher,9 Hovde Court,bsketcherj7@nhs.uk,676-977-7262,00-305-5037;
693,Manya Reah,54 Goodland Hill,mreahj8@bbc.co.uk,929-477-1574,43-069-1675;
694,Nat Klaussen,9 Fordem Avenue,nklaussenj9@ameblo.jp,529-592-8176,67-443-1294;
695,Isak Rider,52565 Banding Road,iriderja@homestead.com,778-844-9195,24-043-0700;
696,Shepherd Ashbridge,89618 Homewood Avenue,sashbridgejb@sfgate.com,447-449-7968,36-679-9533;
697,Ceil Davidovics,26 Butternut Street,cdavidovicsjc@wikispaces.com,219-553-9692,28-512-7885;
698,Isak Rider,52565 Banding Road,iriderja@homestead.com,778-844-9195,24-043-0700;
699,Reiko Clague,0 Oak Valley Center,rclagueje@1688.com,972-636-8508,85-376-0357;
700,Pascale Tubridy,38 Straubel Point,ptubridyjf@nymag.com,875-149-2035,60-310-7964;
701,Cozmo Addlestone,63 Manitowish Court,caddlestonejg@berkeley.edu,855-805-3766,67-568-0355;
702,Steffane Cheales,107 Londonderry Road,schealesjh@phoca.cz,174-469-1186,58-824-4246;
703,Kristien Giacovetti,98 Hoffman Plaza,kgiacovettiji@who.int,359-837-9627,15-486-2293;
704,Edan Stainton,61 Gerald Terrace,estaintonjj@hao123.com,874-315-2442,42-454-8657;
705,Mordecai Amberg,70893 Becker Trail,mambergjk@nydailynews.com,405-930-9841,70-455-5019;
706,Waylan Macbeth,92 6th Road,wmacbethjl@scientificamerican.com,466-362-1169,37-855-2637;
707,Laney Harries,696 Shelley Lane,lharriesco@scientificamerican.com,737-368-2100,35-669-2946;
708,Renato Stephen,1317 Pierstorff Crossing,rstephenjn@wordpress.com,697-688-0319,86-244-9610;
709,Otho Hachard,882 Dawn Center,ohachardjo@sciencedirect.com,329-262-7002,41-370-8260;
710,Dru Whiteway,3 Loeprich Point,dwhitewayjp@amazonaws.com,947-681-1335,09-709-1722;
711,Laney Kelloway,5692 Fairfield Way,lkellowayjq@slideshare.net,616-231-3916,11-725-6269;
712,Giulio Graveston,8 Mockingbird Drive,ggravestonjr@google.co.uk,613-430-2490,70-000-6878;
713,Augustin Greger,850 Eliot Point,agregerjs@altervista.org,169-138-1393,01-571-3762;
714,Carol Kerin,305 Express Road,ckerinjt@disqus.com,964-704-5556,12-367-9351;
715,Beniamino Reddihough,75 Gateway Avenue,breddihoughju@drupal.org,188-479-1008,41-033-4318;
716,Kristopher Bedle,6362 Sunnyside Plaza,kbedlejv@amazon.co.jp,705-648-7710,68-472-8987;
717,Laney Harries,696 Shelley Lane,lharriesco@scientificamerican.com,737-368-2100,50-183-5874;
718,Amerigo Godrich,481 Sauthoff Street,agodrichjx@1688.com,346-705-0354,02-289-6340;
719,Merry McClymont,3221 Knutson Street,mmcclymontjy@who.int,304-510-9228,00-725-9379;
720,Temple McWhin,4183 Hooker Center,tmcwhinjz@sitemeter.com,856-363-8240,87-397-0689;
721,Jamil Wrey,6 Bobwhite Terrace,jwreyk0@odnoklassniki.ru,874-385-5496,54-483-1640;
722,Grantham Serridge,6479 Sycamore Lane,gserridgek1@twitter.com,315-510-2970,76-172-5711;
723,Leyla Ryhorovich,36000 Eliot Park,lryhorovichk2@mozilla.com,301-418-8843,99-290-7645;
724,Nada Robroe,5 Barby Trail,nrobroek3@go.com,261-596-0732,60-720-0279;
725,Andreas Sterzaker,3102 Gateway Park,asterzakerk4@de.vu,657-574-6387,77-295-1137;
726,Darb Clouston,173 Lawn Lane,dcloustonk5@tumblr.com,376-694-7212,39-625-2821;
727,Aymer Prate,3 Kedzie Circle,apratek6@npr.org,616-617-9367,04-256-9906;
728,Sherm Vinton,482 Commercial Plaza,svintonk7@ihg.com,851-482-9594,66-298-9175;
729,Winslow Chubb,711 Jackson Point,wchubbk8@npr.org,169-407-4331,78-756-6788;
730,Marrissa Polland,95065 Barby Alley,mpollandk9@arstechnica.com,383-986-3264,59-202-7145;
731,Kimball Giannini,7 Redwing Hill,kgianninika@bloomberg.com,113-900-4496,94-990-8143;
732,Zachary Kalewe,93 Commercial Parkway,zkalewekb@businessinsider.com,347-394-3163,65-188-5419;
733,Spenser Farlam,6 Kennedy Drive,sfarlamkc@youtu.be,539-925-1366,34-221-7880;
734,Renelle Callf,08084 Village Green Pass,rcallfkd@fotki.com,591-127-1128,70-173-0109;
735,Arnaldo Droogan,52 Dottie Plaza,adrooganke@jalbum.net,205-106-3434,65-925-5746;
736,Modestia Kennefick,71 Jenna Plaza,mkennefickkf@accuweather.com,218-757-5870,90-437-0322;
737,Alberik Lowle,6 Towne Parkway,alowlekg@rakuten.co.jp,747-925-4656,46-019-2410;
738,Sylvester Robel,29 Prairieview Park,srobelkh@g.co,901-447-8194,84-520-7807;
739,Ethe Canario,73005 Karstens Lane,ecanarioki@twitpic.com,634-961-6461,74-401-7357;
740,Bertie Halgarth,334 Garrison Plaza,bhalgarthkj@mac.com,642-135-6986,82-429-0389;
741,Steffane Threadgould,54 Banding Lane,sthreadgouldkk@hp.com,517-609-0381,74-985-2313;
742,Rubetta Van den Broek,14310 Northfield Place,rvankl@blinklist.com,907-437-5411,41-286-2100;
743,Elenore Rawlingson,4119 Laurel Road,erawlingsonkm@twitter.com,645-160-5041,08-799-8680;
744,Flory Papps,8452 Superior Crossing,fpappskn@facebook.com,319-758-4554,42-505-7669;
745,Leodora Jenoure,7701 Dawn Center,ljenoureko@twitpic.com,753-922-1883,57-143-2453;
746,Helli Bernette,66922 Lukken Point,hbernettekp@mapquest.com,577-689-0240,11-387-7430;
747,Doria Addenbrooke,5290 6th Alley,daddenbrookekq@angelfire.com,815-486-5741,65-332-6914;
748,Kathryn Scriviner,35995 Carberry Terrace,kscrivinerkr@forbes.com,344-937-0258,93-322-5459;
749,Seana Treagus,3 Laurel Terrace,streagusks@pagesperso-orange.fr,463-247-6696,91-285-4686;
750,Antonie Maso,6065 Carey Parkway,amasokt@upenn.edu,367-792-0913,05-787-0785;
751,Vivien Girth,3 Forest Dale Center,vgirthku@home.pl,651-684-0043,73-360-2455;
752,Clayborne Tessington,56894 Farmco Road,ctessingtonkv@gov.uk,884-859-9600,46-267-5019;
753,Fancy Yitzovicz,01797 Maple Parkway,fyitzoviczkw@is.gd,705-698-3330,14-148-7769;
754,Mireille Stanyon,591 Cambridge Hill,mstanyonkx@archive.org,937-802-2747,99-835-3433;
755,Joletta Backen,544 Leroy Street,jbackenky@mayoclinic.com,591-782-1217,94-536-7715;
756,Lucho Alvarado,48498 Melody Circle,lalvaradokz@apple.com,669-449-1684,31-008-5972;
757,Rodney Gilardoni,95745 Bartelt Parkway,rgilardonil0@cafepress.com,675-808-7560,98-357-6832;
758,Amelita Dowson,8965 Continental Trail,adowsonl1@a8.net,328-608-9006,64-896-3438;
759,Mateo Boscott,04902 Jay Way,mboscottl2@timesonline.co.uk,774-906-9590,91-683-9024;
760,Cherey McOrkil,36 Corben Street,cmcorkill3@msu.edu,775-155-1528,85-775-0723;
761,Natassia Balch,526 Shasta Hill,nbalchl4@cdc.gov,376-949-3772,12-710-4509;
762,Helyn Caherny,2 Fair Oaks Plaza,hcahernyl5@seattletimes.com,864-756-7312,69-729-6803;
763,Lay Overnell,96 Golf View Point,lovernelll6@hibu.com,111-264-6303,11-840-2619;
764,Abigail Latek,135 Ruskin Alley,alatekl7@spiegel.de,200-671-3994,98-911-8750;
765,Leoine O' Flaherty,7191 Burrows Trail,lol8@booking.com,847-295-9882,29-212-9833;
766,Hannah Pottage,3 Surrey Parkway,hpottagel9@nationalgeographic.com,171-104-2157,62-733-1107;
767,Modesty Haldenby,74601 Old Gate Court,mhaldenbyla@businesswire.com,814-772-8487,39-011-3520;
768,Franky Weekly,50 Ridge Oak Park,fweeklylb@howstuffworks.com,550-367-8586,53-912-1700;
769,Darell Rushby,576 Thompson Junction,drushbylc@diigo.com,296-644-6042,98-345-8380;
770,Cris Dabner,665 Sommers Junction,cdabnerld@ovh.net,396-160-6358,50-549-3244;
771,June Benzie,933 Susan Junction,jbenziele@icio.us,875-119-3888,82-159-0758;
772,Ezmeralda Dunster,6 Hauk Parkway,edunsterlf@seesaa.net,552-955-7715,35-395-6199;
773,Daloris Boater,26982 Basil Street,dboaterlg@mediafire.com,179-234-1227,37-031-1374;
774,Dalton Brigden,51493 Straubel Point,dbrigdenlh@ftc.gov,129-861-2518,10-621-6710;
775,Bendicty Burtwhistle,32402 Veith Crossing,bburtwhistleli@scribd.com,187-730-1332,01-940-2228;
776,Janeva Folks,4 Loftsgordon Street,jfolkslj@webs.com,753-773-3219,15-993-4924;
777,Aprilette Kulas,37 Rutledge Place,akulaslk@t.co,754-344-8029,54-814-0969;
778,Giulio Masterson,7750 Vahlen Point,gmastersonll@fotki.com,572-120-0149,47-250-3357;
779,Dorelia Montague,9 Dryden Plaza,dmontaguelm@buzzfeed.com,673-464-7984,92-792-4713;
780,Johann Knipe,85 Mockingbird Trail,jknipeln@usatoday.com,901-728-1873,85-962-9831;
781,Florence Hanlon,3498 Basil Avenue,fhanlonlo@bizjournals.com,279-978-0549,13-741-6730;
782,Amandi Warwicker,5492 Vera Park,awarwickerlp@msn.com,302-935-9543,23-183-2321;
783,Thurstan Dingle,66088 Colorado Avenue,tdinglelq@edublogs.org,982-246-3979,86-653-1965;
784,Wallas D'Ambrosi,45350 Knutson Avenue,wdambrosilr@bbc.co.uk,766-340-4061,75-493-0265;
785,Karlen Regis,9 Cordelia Alley,kregisls@myspace.com,375-977-6891,76-530-6386;
786,Keene Pargeter,200 Truax Terrace,kpargeterlt@alibaba.com,565-153-8653,72-956-8642;
787,Rainer Cunio,8 Spohn Park,rcuniolu@smugmug.com,317-427-5328,04-148-6462;
788,Colman Capeloff,627 Myrtle Plaza,ccapelofflv@prweb.com,222-607-0723,52-201-6035;
789,Darcee Leavold,984 Texas Park,dleavoldlw@vimeo.com,800-222-5574,19-034-9878;
790,Lyn Girod,7711 Continental Place,lgirodlx@pagesperso-orange.fr,641-825-8686,27-209-4124;
791,Winni Plewman,05615 Mosinee Drive,wplewmanly@blogger.com,812-241-3588,12-674-0171;
792,Gerard Fiddian,3297 Delladonna Circle,gfiddianlz@fc2.com,567-900-9232,55-040-1019;
793,Chad Ankrett,2 Swallow Trail,cankrettm0@dagondesign.com,240-665-7607,47-329-4257;
794,Benny Cassell,32 Merry Court,bcassellm1@columbia.edu,859-155-3486,78-102-1431;
795,Jdavie Cronshaw,1 Eliot Alley,jcronshawm2@marketwatch.com,799-639-6363,94-403-0370;
796,Rurik Caukill,7 Grasskamp Avenue,rcaukillm3@patch.com,737-488-4689,39-845-1956;
797,Zuzana Buttfield,2331 Pawling Pass,zbuttfieldm4@netvibes.com,312-284-5214,48-834-7378;
798,Franky Doerling,6 Vahlen Park,fdoerlingm5@mediafire.com,970-775-2926,74-029-2924;
799,Grant Hundley,480 Ronald Regan Lane,ghundleym6@cmu.edu,301-353-9433,35-524-7221;
800,Ash Dallon,099 Huxley Terrace,adallonm7@mtv.com,558-750-5473,98-168-6182;
801,Shannah Houliston,181 Dawn Way,shoulistonm8@ycombinator.com,835-779-6424,34-466-7001;
802,Gipsy Peddowe,036 Stoughton Trail,gpeddowem9@jigsy.com,311-703-6164,40-409-7578;
803,Jocelyne Charity,60 Main Pass,jcharityma@goodreads.com,660-116-6186,38-168-2051;
804,Roseanna Esberger,68430 Hanson Junction,resbergermb@cafepress.com,326-267-8550,15-136-4573;
805,Hildegarde Driuzzi,1607 Fordem Trail,hdriuzzimc@biglobe.ne.jp,189-883-9192,31-541-0616;
806,Michelle Berrecloth,1415 John Wall Trail,mberreclothmd@4shared.com,223-653-8895,82-361-7668;
807,Ediva Goodered,629 Valley Edge Avenue,egooderedme@gov.uk,464-997-3558,37-003-6112;
808,Lauretta La Vigne,4452 Fallview Avenue,llamf@smugmug.com,814-647-8386,64-508-4585;
809,Ivette Dempster,2803 Forest Plaza,idempstermg@reddit.com,806-998-2659,28-219-4816;
810,Malissia Mingo,851 Porter Hill,mmingomh@cdc.gov,755-160-1611,89-239-3966;
811,Estel Begley,3 Atwood Place,ebegleymi@symantec.com,556-459-5664,25-972-4762;
812,Marius Pellissier,3 Ramsey Place,mpellissiermj@miibeian.gov.cn,144-157-5290,28-232-1516;
813,Carissa Wyvill,8 Kipling Park,cwyvillmk@webnode.com,897-940-1742,69-453-2200;
814,Rice Henstone,8 Di Loreto Circle,rhenstoneml@parallels.com,290-514-4629,07-120-1538;
815,Alwin Welband,9664 Center Court,awelbandmm@accuweather.com,428-704-9204,89-890-8529;
816,Fraze Ellery,93 Gulseth Parkway,fellerymn@ted.com,941-726-2722,58-882-1402;
817,Denyse Edmans,7 Milwaukee Circle,dedmansmo@desdev.cn,787-783-8953,06-226-1414;
818,Dolores Hullot,9222 Vahlen Alley,dhullotmp@sciencedirect.com,995-684-8515,54-381-6283;
819,Ole Tacker,15995 Hagan Road,otackermq@usgs.gov,937-613-9015,57-661-3930;
820,Emory Cornfoot,810 Bobwhite Center,ecornfootmr@elegantthemes.com,536-525-9285,97-598-0105;
821,Haley Smail,7 Amoth Plaza,hsmailms@seattletimes.com,372-249-8406,63-925-8457;
822,Abe Jewson,8700 Sullivan Drive,ajewsonmt@arizona.edu,614-904-1408,02-631-1120;
823,Lela Shire,4619 Talmadge Crossing,lshiremu@berkeley.edu,797-223-0944,04-909-7768;
824,Jeddy Kybert,344 Fallview Center,jkybertmv@usda.gov,458-799-2863,61-711-7985;
825,Rebecca Dunnet,9845 Merrick Drive,rdunnetmw@1und1.de,229-707-3015,89-757-3821;
826,Beauregard Beeson,9 Summer Ridge Court,bbeesonmx@biglobe.ne.jp,377-797-7456,50-889-7179;
827,Hunfredo Ordelt,67948 Dawn Terrace,hordeltmy@walmart.com,585-821-9494,97-682-9819;
828,Mort Bea,541 Mccormick Road,mbeamz@last.fm,859-336-3564,24-105-3802;
829,Gerrard Scneider,7 Fuller Hill,gscneidern0@ning.com,345-658-9740,58-750-6630;
830,Geraldine Doxsey,6379 Loomis Point,gdoxseyn1@shutterfly.com,160-202-1438,29-612-8518;
831,Fernanda Leindecker,9933 Twin Pines Way,fleindeckern2@senate.gov,142-851-4488,07-869-9766;
832,Greer MacInerney,9 Messerschmidt Park,gmacinerneyn3@clickbank.net,986-959-6786,40-004-8715;
833,Isak Rider,52565 Banding Road,iriderja@homestead.com,778-844-9195,24-043-0700;
834,Arny Stutt,70 Monument Junction,astuttn5@mashable.com,767-749-2305,19-326-4480;
835,Skippy Viccars,17 Burning Wood Circle,sviccarsn6@live.com,225-314-1459,91-236-2841;
836,Oralia Wraith,8730 Michigan Junction,owraithn7@theatlantic.com,676-623-2197,85-062-4083;
837,Keri Richen,4423 Schmedeman Pass,krichenn8@google.pl,376-179-6178,43-118-2796;
838,Tammy Tickle,97 Clove Parkway,tticklen9@addthis.com,845-168-1232,48-339-3280;
839,Mortimer Sprigg,88147 Dwight Place,mspriggna@google.com.au,438-602-2342,14-475-1002;
840,Elmo Deverson,72182 Bonner Park,edeversonnb@gizmodo.com,439-627-6773,02-708-2554;
841,Pauli Nussgen,28 Lakewood Gardens Terrace,pnussgennc@utexas.edu,898-741-6206,54-695-6108;
842,Alberik Elham,5 Maywood Way,aelhamnd@cnet.com,915-273-4713,54-498-4040;
843,Crawford Barsby,5 Melvin Park,cbarsbyne@infoseek.co.jp,634-823-7736,45-360-8012;
844,Gonzalo Niezen,23461 South Center,gniezennf@un.org,487-352-9174,09-071-1516;
845,Martica Wooffinden,4006 Commercial Point,mwooffindenng@japanpost.jp,538-755-8294,93-722-8811;
846,Deeyn McGavin,678 Old Gate Plaza,dmcgavinnh@mlb.com,124-742-0921,71-604-3433;
847,Kenyon Pinchbeck,3240 Mayfield Road,kpinchbeckni@ucla.edu,520-506-0460,09-520-4687;
848,Franchot Hadrill,8181 Sheridan Drive,fhadrillnj@npr.org,171-725-1414,20-203-8931;
849,Sascha Nursey,28172 Sheridan Point,snurseynk@cdbaby.com,780-592-6929,41-457-0563;
850,Leanora Freemantle,7 Dorton Terrace,lfreemantlenl@angelfire.com,404-879-5203,68-384-8261;
851,Natty Alwin,70 Tony Avenue,nalwinnm@dailymail.co.uk,162-672-2176,01-662-2652;
852,Stefan Cridland,47 Vahlen Street,scridlandnn@purevolume.com,829-514-3243,31-170-9729;
853,Raychel Salle,27 Westerfield Pass,rsalleno@google.ca,899-110-6879,49-373-1433;
854,Jacques Costin,8237 Hanover Place,jcostinnp@1688.com,479-748-5871,24-211-4023;
855,Susanne Alsobrook,34 School Alley,salsobrooknq@ow.ly,752-710-0305,26-023-8041;
856,Gal Goodinge,5 Stephen Parkway,ggoodingenr@go.com,119-842-8077,77-611-4254;
857,Jourdan Kaysor,7849 Kinsman Crossing,jkaysorns@phoca.cz,731-512-2471,07-350-5950;
858,Ermina Baron,52 Cascade Alley,ebaronnt@vkontakte.ru,234-269-3206,71-066-7360;
859,Vergil Springall,87 Ridgeview Street,vspringallnu@pinterest.com,676-811-6793,15-730-7790;
860,Reeta Talmadge,0684 Northview Pass,rtalmadgenv@bizjournals.com,120-788-6271,77-854-5399;
861,Margie Scotchbrook,06781 Longview Court,mscotchbrooknw@bloglines.com,763-937-9923,14-406-2588;
862,Isak Rider,52565 Banding Road,iriderja@homestead.com,778-844-9195,57-484-3581;
863,Jessey Body,4700 Prentice Street,jbodyny@symantec.com,265-860-7875,30-241-9966;
864,Winston Brearley,4847 Farmco Plaza,wbrearleynz@t.co,343-480-0833,46-130-3272;
865,Kellen Bibby,249 Ryan Way,kbibbyo0@dot.gov,296-728-1072,54-376-0866;
866,Ricki Drakard,793 Fordem Place,rdrakardo1@sina.com.cn,685-918-4426,31-973-7940;
867,Kelsey Bayston,33 David Circle,kbaystono2@tumblr.com,995-194-2149,91-159-7736;
868,Sonni Messitt,63 Division Circle,smessitto3@xinhuanet.com,342-427-5038,17-968-6018;
869,Dael Baulcombe,12 Nova Lane,dbaulcombeo4@elegantthemes.com,216-363-1940,21-914-2405;
870,Jeth De Bischop,50 Namekagon Lane,jdeo5@google.co.uk,517-507-7220,68-787-9188;
871,Clarey Picton,855 Bartillon Terrace,cpictono6@ucsd.edu,744-533-8474,38-945-6589;
872,Ilka Caslake,00882 Elgar Drive,icaslakeo7@stanford.edu,508-408-2638,05-343-8248;
873,Kev Adolphine,2 Mayer Point,kadolphineo8@msu.edu,389-722-2790,79-107-2344;
874,Tedd Boddy,54857 Orin Plaza,tboddyo9@utexas.edu,362-593-9870,64-613-4109;
875,Ivy Merrison,31 Ramsey Point,imerrisonoa@oaic.gov.au,415-979-5911,28-119-8477;
876,Tudor Donoher,847 Sachs Terrace,tdonoherob@posterous.com,256-374-0560,52-608-9585;
877,Noak Jolly,6 Columbus Way,njollyoc@opera.com,581-831-2431,99-193-0312;
878,Osborn Kitteringham,8 Moose Hill,okitteringhamod@freewebs.com,236-412-7113,46-863-3405;
879,Hastie Banaszewski,03550 Golf Pass,hbanaszewskioe@ucsd.edu,769-165-4814,35-145-8835;
880,Isak Rider,52565 Banding Road,iriderja@homestead.com,778-844-9195,28-848-0493;
881,Fernande Flacknoe,29 Golf Course Drive,fflacknoeog@php.net,891-146-3343,61-812-0174;
882,Letta Pisco,7014 Clemons Alley,lpiscooh@ft.com,437-839-0656,79-593-7321;
883,Dalis Reston,37 Oak Lane,drestonoi@cocolog-nifty.com,948-882-8826,26-645-1929;
884,Spence Mason,24 Ridge Oak Terrace,smasonoj@home.pl,175-449-6665,27-836-8193;
885,Nolly Wiltshire,99158 Larry Park,nwiltshireok@youtu.be,757-867-5114,68-389-0590;
886,Valentina Goldhawk,5637 Springs Alley,vgoldhawkol@pagesperso-orange.fr,441-841-4269,54-900-6173;
887,Morse Allsep,5698 Orin Parkway,mallsepom@dagondesign.com,772-857-3820,90-770-1515;
888,Dickie Reyne,5 Thierer Circle,dreyneon@indiegogo.com,860-238-3487,32-878-6846;
889,Andromache Vallintine,40112 Chive Park,avallintineoo@aol.com,253-873-8054,82-998-6800;
890,Curtice Moulson,3 Lillian Road,cmoulsonop@mozilla.org,966-654-7712,99-014-4194;
891,Ema Hedan,459 Ridgeview Plaza,ehedanoq@ucoz.com,885-922-1320,18-147-4831;
892,Eva McCullen,967 Thackeray Circle,emccullenor@cnbc.com,182-449-2982,15-392-7532;
893,Elias Lotwich,347 Michigan Lane,elotwichos@a8.net,515-665-6833,40-495-9071;
894,Davey Le Noire,184 Superior Hill,dleot@home.pl,972-855-6380,81-551-0370;
895,Rosco Prest,67 Jenifer Road,rprestou@businessweek.com,538-329-6473,52-477-9424;
896,Jakie Durram,57 Hoepker Avenue,jdurramov@phoca.cz,871-180-3256,07-915-8725;
897,Charin Laurent,863 Hazelcrest Point,claurentow@woothemes.com,621-786-9227,32-122-8328;
898,Calypso Asple,39 Mcbride Road,caspleox@fastcompany.com,736-432-1349,51-232-4449;
899,Halli Wolfendell,377 Judy Terrace,hwolfendelloy@nsw.gov.au,848-621-8403,33-904-4038;
900,Grazia Saffill,5 Dexter Hill,gsaffilloz@cpanel.net,462-888-8355,39-540-7004;
901,Nickolai Ensten,665 Vidon Trail,nenstenp0@quantcast.com,495-363-9628,41-847-6389;
902,Yehudit Epple,7 Kenwood Junction,yepplep1@elpais.com,823-124-5590,29-513-0891;
903,Demetre Dorkin,5763 Raven Pass,ddorkinp2@nifty.com,412-968-7480,56-687-3363;
904,Celia Castles,921 Fieldstone Trail,ccastlesp3@tinypic.com,674-621-0975,00-789-4308;
905,Neville Haughton,16 Browning Lane,nhaughtonp4@linkedin.com,605-679-7614,06-296-9570;
906,Ludvig Manvell,98843 Emmet Trail,lmanvellp5@nih.gov,311-973-3883,54-387-3194;
907,Nap Flavelle,18 8th Road,nflavellep6@odnoklassniki.ru,243-534-9930,30-972-7107;
908,Lorry Deguara,14 Cottonwood Point,ldeguarap7@irs.gov,656-616-6682,21-326-3889;
909,Hedwig Clemes,17 Westport Road,hclemesp8@imdb.com,785-772-9581,28-602-9569;
910,Donal Appleton,4023 Farmco Hill,dappletonp9@csmonitor.com,931-918-3353,23-790-7162;
911,Ardisj Pimbley,9340 Westridge Pass,apimbleypa@state.tx.us,643-761-5527,98-510-8437;
912,Kearney Romagnosi,25002 Leroy Court,kromagnosipb@uiuc.edu,317-463-9215,54-521-4808;
913,Jo-anne Kinnie,0271 Homewood Trail,jkinniepc@omniture.com,983-339-1789,10-373-8535;
914,Aviva Leisman,0681 Cordelia Road,aleismanpd@amazonaws.com,454-460-0097,63-999-2500;
915,Alf Scully,7 Ramsey Alley,ascullype@1688.com,445-177-5998,50-384-1432;
916,Roderick Orman,33708 Elgar Center,rormanpf@accuweather.com,156-924-9657,28-295-9720;
917,Arlette Commin,9 Dorton Alley,acomminpg@devhub.com,906-551-4491,38-806-3665;
918,Abraham Mardy,9395 Arkansas Court,amardyph@dropbox.com,671-457-8812,60-022-3712;
919,Rodolfo Morville,8 Manufacturers Pass,rmorvillepi@drupal.org,900-337-5420,95-657-4179;
920,Daisy Perree,664 Morning Park,dperreepj@discovery.com,965-264-0246,95-709-1843;
921,Ardeen Dauby,0928 High Crossing Street,adaubypk@abc.net.au,643-384-5343,42-378-5795;
922,Kristien Puleston,43927 Hintze Way,kpulestonpl@google.pl,360-617-3248,94-253-7064;
923,Almeda Wayon,5 Anthes Trail,awayonpm@berkeley.edu,660-360-9406,42-228-4453;
924,Rodi Dallyn,23 Prentice Terrace,rdallynpn@tinypic.com,860-843-3199,02-734-0031;
925,Sergeant Colebourn,4 Blaine Court,scolebournpo@biblegateway.com,151-706-4528,22-606-5702;
926,Shelagh Sherwood,09891 Carberry Park,ssherwoodpp@geocities.com,622-478-0082,31-853-0036;
927,Delcina Richarson,9 Village Place,dricharsonpq@dropbox.com,811-195-3517,18-868-5855;
928,Angie Danton,3538 Fair Oaks Parkway,adantonpr@e-recht24.de,533-290-4398,72-749-9048;
929,Cole Pruce,9725 Hanson Drive,cpruceps@dailymotion.com,784-217-7085,83-237-1273;
930,Cammie Castanares,4 Mosinee Center,ccastanarespt@bbc.co.uk,540-482-7151,56-905-1321;
931,Drusilla Blumson,54 Rowland Court,dblumsonpu@ovh.net,390-286-9894,61-390-3055;
932,Hermine Millar,95775 Nelson Place,hmillarpv@acquirethisname.com,507-509-6980,03-540-1645;
933,Gabriell Tander,9 Dawn Road,gtanderpw@delicious.com,456-854-7134,67-276-1682;
934,Suzanna Batie,941 International Crossing,sbatiepx@wordpress.com,142-347-2423,20-923-9732;
935,Dallon Gunthorpe,68 Manitowish Pass,dgunthorpepy@newyorker.com,207-440-4582,40-239-5109;
936,Teriann MacMeekan,90814 Schurz Way,tmacmeekanpz@smh.com.au,187-798-2494,95-273-6190;
937,Verge Stonehewer,87 Sundown Court,vstonehewerq0@comsenz.com,721-901-3358,38-228-0674;
938,Gwennie McCormack,1885 Sherman Avenue,gmccormackq1@123-reg.co.uk,342-670-1879,13-820-3457;
939,Fidel MacCumiskey,14358 Brentwood Way,fmaccumiskeyq2@geocities.jp,719-141-5850,45-943-2386;
940,Alyosha Moultrie,433 Arrowood Street,amoultrieq3@hao123.com,634-501-9595,36-130-2349;
941,Marline Maudlen,3 Canary Terrace,mmaudlenq4@sfgate.com,357-289-4821,59-266-8019;
942,Alvis Pittoli,42358 4th Trail,apittoliq5@foxnews.com,811-296-2777,20-568-1898;
943,Marta Hinchon,78 Pankratz Plaza,mhinchonq6@zdnet.com,156-953-4619,07-467-4525;
944,Clarisse Duckfield,59361 Gateway Terrace,cduckfieldq7@senate.gov,310-823-4440,12-620-0304;
945,Kippie Strewthers,45 Drewry Parkway,kstrewthersq8@joomla.org,619-748-7726,57-995-7899;
946,L;urette MacDermid,8779 Drewry Circle,lmacdermidq9@time.com,896-742-8124,69-612-2588
947,Melloney Terlinden,79 Harbort Drive,mterlindenqa@virginia.edu,362-294-5847,95-972-0210;
948,Meris Dinnage,91 Farwell Trail,mdinnageqb@posterous.com,366-693-7727,97-622-3636;
949,Gianina Linkleter,0418 Parkside Drive,glinkleterqc@hexun.com,843-866-4092,01-000-9807;
950,Dael Pelman,23423 Eliot Lane,dpelmanqd@odnoklassniki.ru,322-880-8857,58-963-3994;
951,Danice Gellert,8 Hanson Junction,dgellertqe@independent.co.uk,120-849-4307,95-792-9935;
952,Coletta Wilkowski,9 Hollow Ridge Pass,cwilkowskiqf@google.com,474-220-8867,52-223-6311;
953,Merrile Baylis,210 Reindahl Way,mbaylisqg@ycombinator.com,284-850-8508,60-180-2408;
954,Dulci Tesauro,7 Portage Trail,dtesauroqh@quantcast.com,628-328-1397,45-766-5676;
955,Bryana Shutt,9 Kensington Road,bshuttqi@indiegogo.com,348-588-7341,23-946-1944;
956,Cecil Volet,1338 Bonner Drive,cvoletqj@homestead.com,382-375-9440,41-772-3621;
957,Eadith Darque,9 Goodland Hill,edarqueqk@bbb.org,773-144-7162,77-134-4791;
958,Anabella Ferronier,282 Basil Avenue,aferronierql@discovery.com,846-272-1985,23-475-2935;
959,Rubi Vurley,435 Brown Road,rvurleyqm@phoca.cz,798-201-5693,29-887-0015;
960,Marylynne Scotchmor,280 Debs Parkway,mscotchmorqn@ucsd.edu,149-911-2205,27-156-2669;
961,Maurise Ambrozewicz,5 Spaight Lane,mambrozewiczqo@shutterfly.com,610-669-2637,85-576-7159;
962,Roseann Daventry,65 Bayside Trail,rdaventryqp@tuttocitta.it,876-534-5650,52-002-1068;
963,Nevins Bucke,23548 Lake View Pass,nbuckeqq@scribd.com,781-482-4364,34-020-9064;
964,Jonis Gerrey,52014 West Alley,jgerreyqr@senate.gov,106-133-9155,42-915-1757;
965,Erika Prandin,0989 Hagan Road,eprandinqs@japanpost.jp,505-885-7761,03-636-6856;
966,Jilleen Aspinwall,2692 Oxford Place,jaspinwallqt@dailymotion.com,692-524-1359,45-540-0444;
967,Saundra Summerell,935 Iowa Junction,ssummerellqu@ask.com,425-160-1286,48-017-5358;
968,Daloris Grugerr,4 Mayer Way,dgrugerrqv@histats.com,538-978-1084,65-884-3810;
969,Cybill Egle of Germany,5048 East Point,cegleqw@tumblr.com,875-114-7999,94-751-8727;
970,Nowell McGeraghty,7289 Elgar Circle,nmcgeraghtyqx@etsy.com,162-564-9574,68-602-3965;
971,Bay Keenleyside,5374 Homewood Lane,bkeenleysideqy@smh.com.au,314-331-6400,19-553-4941;
972,Sonny Bubeer,663 Esch Lane,sbubeerqz@yale.edu,560-535-8227,84-103-2646;
973,Natty Garric,738 Red Cloud Terrace,ngarricr0@theguardian.com,293-982-6528,00-106-4036;
974,Tadd Critchley,0198 Haas Alley,tcritchleyr1@fotki.com,643-758-6057,97-289-9170;
975,Ingeberg Sutherns,3 Calypso Drive,isuthernsr2@disqus.com,446-475-5634,11-693-8918;
976,Winifred Edgcombe,26 Delladonna Way,wedgcomber3@loc.gov,169-123-2766,79-321-8561;
977,Britt Benns,98 Hooker Place,bbennsr4@illinois.edu,517-286-2830,00-960-8350;
978,Phineas Ganniclifft,64246 Maywood Alley,pganniclifftr5@examiner.com,532-953-5505,70-700-9010;
979,Roxanne Feveryear,536 Meadow Valley Circle,rfeveryearr6@who.int,966-190-6092,39-192-9610;
980,Gwenny Grzeszczyk,7 Kipling Court,ggrzeszczykr7@moonfruit.com,497-104-9545,95-478-8264;
981,Skylar Tramel,0 Dennis Center,stramelr8@google.com,471-379-9824,81-531-2071;
982,Wright Newlan,50962 Morningstar Junction,wnewlanr9@bizjournals.com,287-382-1435,75-834-5554;
983,Merrili Pallaske,738 Nevada Center,mpallaskera@chronoengine.com,312-832-5254,38-575-1731;
984,Rory Middlemist,7817 Shelley Point,rmiddlemistrb@nymag.com,575-159-8040,41-261-9845;
985,Jefferey Semper,4 Waxwing Point,jsemperrc@infoseek.co.jp,302-597-1697,76-343-8974;
986,Millie Danilishin,7 Bay Center,mdanilishinrd@apache.org,934-644-5460,99-233-4091;
987,Arly Kleine,4 Fallview Street,akleinere@sbwire.com,274-828-9447,83-057-0528;
988,Kort Beggio,56 Summerview Park,kbeggiorf@huffingtonpost.com,953-519-6259,21-498-3513;
989,Elberta Acey,9421 Almo Plaza,eaceyrg@i2i.jp,349-537-6555,17-725-4146;
990,Lawrence Hunnaball,50487 Sundown Trail,lhunnaballrh@delicious.com,116-513-7310,22-489-9345;
991,Artie Kinavan,383 Sauthoff Point,akinavanri@marketwatch.com,172-781-2621,10-963-2855;
992,Janka Whelan,400 Blackbird Plaza,jwhelanrj@gnu.org,149-557-5241,61-760-0412;
993,Englebert Rishman,3257 Killdeer Way,erishmanrk@gmpg.org,822-546-4502,12-748-2177;
994,Freeman Arundel,5 Heath Point,farundelrl@cbslocal.com,242-461-0871,69-183-7250;
995,Robb Hegarty,11377 Delladonna Alley,rhegarty0@soundcloud.com,421-161-8021,88-708-3657;
996,Berkeley Kingcote,83 Doe Crossing Hill,bkingcotern@i2i.jp,768-808-8155,90-023-0766;
997,Giselle House,1832 Schurz Junction,ghousero@phoca.cz,520-446-8279,80-764-6158;
998,Magdalena Reuben,8613 Macpherson Plaza,mreubenrp@guardian.co.uk,737-908-6562,37-713-0297;
999,Robb Hegarty,11377 Delladonna Alley,rhegarty0@soundcloud.com,421-161-8021,88-708-3657;
1000,Darcey Gonnel,24 Pawling Hill,dgonnelrr@about.com,710-344-3719,92-259-5784;
