id,full_name,address,email,phone_number,product_brand
1,Daryl Handover,69892 Crescent Oaks Circle,dhandover0@sina.com.cn,620-467-5397,97-900-1787
2,Daryl Handover,69892 Crescent Oaks Circle,dhandover0@sina.com.cn,620-467-5397,97-900-1787
3,Daryl Handover,69892 Crescent Oaks Circle,dhandover0@sina.com.cn,620-467-5397,97-900-1787
4,Daryl Handover,03 Springs Point,dkenshole3@jugem.jp,369-670-8302,81-023-9173
5,Daryl Handover,69892 Crescent Oaks Circle,dhandover0@sina.com.cn,620-467-5397,26-095-2818
6,Daryl Handover,69892 Crescent Oaks Circle,dhandover0@sina.com.cn,620-467-5397,32-427-1108
7,Daryl Handover,28 Scofield Way,aboyda6@netlog.com,495-368-4629,13-981-2661
8,Nelli Hatzar,4 Bluejay Street,nhatzar7@wikia.com,497-420-9278,18-336-0789
9,Nelli Hatzar,4 Bluejay Street,nhatzar7@wikia.com,497-420-9278,18-336-0789
10,Nelli Hatzar,4 Bluejay Street,nhatzar7@wikia.com,497-420-9278,24-336-9900
