id,name,type,brand
1,Fluoxetine,Drinks,29-485-7137
2,Gambil Oak,Drinks,39-163-1151
3,FEMCON Fe,Drinks,22-501-0288
4,PHOMA EXIGUA VAR EXIGUA,Drinks,64-520-6914
5,Alcohol Prep Pad with Benzocaine,Snacks,24-952-8394
6,fiber laxative,Snacks,24-952-8394
7,Antiseptic,Snacks,42-654-5235
8,DILT-CD,Snacks,57-684-0189
9,Bio Vervain,Snacks,80-339-9359
10,Avar-e,Snacks,70-357-4296
11,AMOREPACIFIC,Snacks,29-385-7476
12,Montelukast Sodium,Snacks,03-911-2805
13,puristics totallyageless spf 15 daily anti-aging,Snacks,28-881-4827
14,meloxicam,Snacks,72-053-9888
15,Echinacea Thuja Special Order,Snacks,40-616-2198
16,dg health pain relief pm,Snacks,88-031-5646
17,Rhus tox. 1 Special Order,Snacks,01-766-7118
18,enfuselle Acne Clarifying,Snacks,69-779-8594
19,Nabumetone,Snacks,29-253-5917
20,Loperamide Hydrochloride,Snacks,92-366-6033
21,Isovue-M,Snacks,49-113-3220
22,Gentamicin,Snacks,02-641-3488
23,Sunscreen,Snacks,16-247-5301
24,Amlodipine Besylate and Benazepril Hydrochloride,Snacks,14-977-8332
25,Eye Wash,Drinks,70-748-6407
26,Preferred Plus Severe Day Time,Drinks,38-996-9514
27,Diltiazem Hydrochloride,Drinks,82-096-9170
28,Saccharomyces cerevisiae,Drinks,97-830-2379
29,Quinine Sulfate,Drinks,64-732-6354
30,Diethylpropion HCl Controlled-Release,Drinks,29-093-3932
31,Medulla Arnica,Drinks,35-287-2589
32,enema,Drinks,08-202-0547
33,Kalium aceticum comp. 6,Drinks,76-893-0888
34,Burn Out SPF-30 Sunscreen,Drinks,02-836-2294
35,Meclizine Hydrochloride,Drinks,46-130-7552
36,Kit for the Preparation of Technetium Tc99m Sestamibi,Drinks,67-916-3337
37,Terazol 3,Drinks,43-954-7391
38,Nazil,Drinks,44-892-3157
39,Freshscent Anti-Perspirant Deodorant,Drinks,81-080-3713
40,Ohm 8 Hour Pain Reliever/Fever Reducer,Drinks,31-136-2753
41,Treatment Set TS350566,Snacks,63-307-9565
42,Heparin Sodium,Snacks,02-163-6422
43,LANEIGE SKIN VEIL,Snacks,98-578-4730
44,JUNIPERUS ASHEI POLLEN,Snacks,44-812-7614
45,LBEL,Snacks,29-617-4429
46,CAREONE,Snacks,50-314-1558
47,Hemorrhoidal,Snacks,23-704-6263
48,Tussin Long Acting Cough,Snacks,46-881-7748
49,KALI SULPHURICUM,Snacks,62-185-7130
50,Colic,Snacks,42-369-9455
51,Luzu,Snacks,17-755-0338
52,Prednisone,Snacks,46-797-6446
53,Oxygen,Snacks,28-374-6155
54,Advanced Protection,Snacks,64-973-2813
55,Metoprolol,Snacks,87-697-0480
56,Orange Pekoe Tea,Snacks,22-941-6756
57,Revlimid,Snacks,80-098-2373
58,CAREALL Musle and Joint,Snacks,07-114-5983
59,Strep Throat,Snacks,73-006-4033
60,Amlodipine Besylate,Snacks,72-118-1336
61,FEMALE LIBIDO,Snacks,19-522-0741
62,TOURMANIUM BB,Masks,48-938-5972
63,docetaxel,Masks,30-751-4888
64,Treatment Set TS348405,Masks,57-859-1829
65,Pleo Not,Masks,59-352-3554
66,Coconut Lime Anti-Bacterial Hand Sanitizer,Masks,04-767-8487
67,SohMed Allergy Sinus,Masks,54-092-8228
68,Nevirapine,Masks,62-849-5735
69,IOPE RETIGEN MOISTURE FOUNDATION,Masks,05-059-7826
70,temazepam,Masks,49-055-4499
71,BACTIMICINA COUGH AND COLD,Masks,93-378-3425
72,divalproex sodium,Masks,83-506-1514
73,Mycophenolate Mofetil,Masks,64-211-0957
74,MAT LUMIERE,Masks,15-735-2123
75,CeraVe,Masks,43-616-6644
76,Simethicone,Masks,43-815-3235
77,Adrenapar,Snacks,56-198-5506
78,Tri-Med Medical,Clothes,12-388-0143
79,Nivea For Men Sensitive,Clothes,38-514-9314
80,Vytorin,Clothes,73-546-2426
81,Hydrochlorothiazide,Clothes,46-377-2955
82,White Fish,Clothes,77-845-9429
83,Felodipine,Clothes,05-157-4971
"84,""Pollens - Weeds and Garden Plants, Pigweed, Rough Redroot Amaranthus retroflexus"",84,84",,Clothes,18-093-7245
85,DG HEALTH EXTRA STRENGTH MEDICATED,Clothes,34-326-2901
86,healthy accents arthritis pain relief,Clothes,27-496-9242
87,Shrimp,Clothes,45-487-0244
88,Sensorcaine,Clothes,76-481-5682
89,Azithromycin,Clothes,09-038-1563
90,Rivastigmine Tartrate,Clothes,00-292-1996
91,TERSI,Clothes,70-764-8179
92,Furosemide,Clothes,39-116-4586
93,Dove,Clothes,87-723-5482
94,Supress DM,Clothes,60-348-9906
95,Ondansetron Hydrochloride,Clothes,65-366-3834
96,Flumazenil,Clothes,40-280-7901
97,Etodolac,Clothes,75-137-4723
98,TOY CLEANER MIST,Clothes,13-357-8219
99,OXYCODONE HYDROCHLORIDE,Clothes,95-864-2326
100,SHISEIDO SHEER MATIFYING COMPACT (REFILL),Clothes,43-078-4794
101,Tyramine,Clothes,11-578-4414
102,Metronidazole,Clothes,49-974-7618
103,Antacid Antigas Maximum Strength,Clothes,54-056-2633
"104,""Insects (whole body), Fire Ant Mix"",104,104",,Clothes,16-761-2710
105,ATORVASTATIN CALCIUM,Clothes,76-775-3247
106,Certus BZK Antiseptic Towelette,Clothes,07-113-6681
107,Ibuprofen,Clothes,43-220-5812
108,Clarins UV Plus HP SPF 40 Day Screen High Protection,Clothes,63-464-8748
109,Acetaminophen PM,Clothes,81-237-5936
110,Gas Relief,Clothes,85-524-1429
111,Goldenrod,Clothes,88-708-3657
112,leader tussin cf,Clothes,50-917-9964
113,SHISEIDO SHEER MATIFYING COMPACT (REFILL),Clothes,34-771-8865
114,Glycopyrrolate,Clothes,54-445-6394
115,Arnica Aurum Equisetum,Clothes,19-994-1009
116,Whole Wheat Grain,Clothes,94-904-7376
117,Metoprolol Tartrate,Clothes,90-845-5392
118,Equaline Moisturizing Dandruff,Clothes,67-731-1420
119,Synthroid,Clothes,79-608-9432
120,Diazepam,Clothes,16-282-0363
121,Speed Stick,Clothes,52-022-1568
122,Botanics Mattifying Day All Bright Sunscreen Broad Spectrum SPF 15,Clothes,37-416-0090
123,Secret Scent Expressions,Clothes,24-764-5526
124,Apiol,Clothes,87-557-7211
125,APRIL Bath and Shower Cucumber Melon Scented Antibacterial HAND SANITIZER,Clothes,82-568-0911
126,Neuralgo Rheum,Clothes,87-507-2434
127,Bryophyllum e fol. 10,Clothes,01-798-1140
128,Stachybotrys,Clothes,18-576-7984
"129,""Isometheptene Mucate, Caffeine, and Acetaminophen"",129,129",,Clothes,42-986-1082
130,Lidocaine Hydrochloride,Clothes,15-315-3041
131,Sucralfate,Clothes,19-897-8748
132,MAMONDE BRIGHTENING PACT 10HR N23,Clothes,38-909-4168
133,Soothe,Clothes,51-589-3940
134,Gemcitabine Hydrochloride,Clothes,14-397-7822
135,Lym D,Clothes,62-944-0975
136,Nexavar,Clothes,78-992-0287
137,rexall ibuprofen,Clothes,72-979-9118
138,CC SPF 18,Clothes,37-322-1434
139,Vitamin H Velvet Mask,Clothes,17-514-8834
140,Pomegranate Antibacterial Foaming Hand Wash,Clothes,74-989-2296
141,Simvastatin,Clothes,92-298-1749
142,Permethrin,Clothes,23-329-2797
143,Amitriptyline Hydrochloride,Clothes,88-370-7307
144,Amitriptyline Hydrochloride,Clothes,89-189-6433
145,Allergies Total Mold Control,Clothes,05-919-1599
146,Nefazodone Hydrochloride,Clothes,16-362-8168
147,Avon Sun Sport,Clothes,14-388-6229
148,Signature Body,Clothes,18-972-2898
149,Childrens Mucus Relief,Clothes,46-585-1954
150,Cilostazol,Clothes,99-506-5229
151,InstantFOAM non-alcohol hand sanitizer,Clothes,54-166-0744
152,Ropinirole,Clothes,97-898-3349
153,Theo-24,Clothes,49-848-5428
154,No7 Rebalancing Day Fluid Sunscreen SPF 15,Clothes,36-059-2999
155,Lidocaine Hydrochloride,Clothes,64-900-9861
156,Neobryxol Ultra,Clothes,00-562-7087
157,Naproxen,Clothes,05-739-7268
158,Lisinopril,Clothes,11-069-4546
159,Trichoderma,Clothes,29-649-4866
160,Hyoscyamine Sulfate Extended-Release,Clothes,38-008-2233
161,Amoxicillin and Clavulanate Potassium,Clothes,53-738-1865
162,Whole Care,Clothes,04-975-9010
163,Chloroquine Phosphate,Clothes,96-611-3067
164,Zaroxolyn,Clothes,06-590-3703
165,Nicotine,Clothes,88-886-8210
166,acetaminophen and codeine phosphate,Clothes,61-899-1541
167,CD DiorSkin Forever Flawless Perfection Fusion Wear Makeup SPF 25 - 020,Clothes,77-112-2130
168,ACTIQ,Clothes,74-511-6141
169,CVS Medicated Chest Rub,Repair parts,54-330-8717
170,Warfarin Sodium,Repair parts,31-952-7088
171,Ranitidine,Repair parts,96-695-4501
172,Ibuprofen,Repair parts,33-097-6628
173,Rugby Eye,Repair parts,25-927-2450
174,DG HEALTH MAXIMUM REDNESS RELIEF,Repair parts,24-895-6684
175,Fluvoxamine Maleate,Repair parts,75-743-7722
176,SPF 50 UVA/UVB,Repair parts,27-578-7069
177,AVANDIA,Repair parts,36-796-1471
178,Citalopram,Repair parts,04-521-6790
179,Smart Sense Childrens Pain Relief,Repair parts,84-576-7482
180,Berkley and Jensen nicotine,Repair parts,66-026-6201
181,Nephron FA,Repair parts,15-395-9999
182,PRED FORTE,Repair parts,83-091-3180
183,Emoquette,Repair parts,89-611-2896
184,Long Lasting Finish with Comfort Serum,Repair parts,22-974-0048
185,Rimmel London,Repair parts,74-346-6774
186,Evtox,Medicine,00-733-6174
187,Propranolol Hydrochloride,Medicine,49-286-8115
188,Multi-Symptom Daytime Cold,Medicine,91-257-6817
189,ADVAIR,Medicine,53-034-7004
190,Hydromorphone HCl,Medicine,15-098-7160
191,BUSPIRONE HYDROCHLORIDE,Medicine,89-145-6242
192,Hydrate,Medicine,30-461-1220
193,Betamethasone Valerate,Medicine,24-281-7375
194,good neighbor pharmacy ibuprofen,Medicine,01-745-1371
195,Sudogest PE,Medicine,27-196-0014
196,Nateglinide,Medicine,30-900-4594
197,Clozapine,Medicine,71-509-6148
198,Opahl,Medicine,58-986-7219
199,Lactated Ringers and Dextrose,Medicine,465-500-5959
200,LBEL REPLENISHING FOUNDATION SPF 14,Medicine,815-377-1661
